"","X","FIPS","County","State","Edu","Inc","Pop"
"1",2,22001,"Acadia Parish","LA",13.3,23122,57576
"2",3,51001,"Accomack County","VA",19.5,26018,33413
"3",4,16001,"Ada County","ID",38.5,34919,494967
"4",9,8001,"Adams County","CO",24.3,30313,519572
"5",12,17001,"Adams County","IL",25,30343,65737
"6",13,18001,"Adams County","IN",15.5,23316,35809
"7",14,28001,"Adams County","MS",17.4,18386,29538
"8",16,31001,"Adams County","NE",24.3,28729,31205
"9",17,39001,"Adams County","OH",13.2,22366,27477
"10",18,42001,"Adams County","PA",22.3,31590,103852
"11",21,50001,"Addison County","VT",39.6,34741,37363
"12",22,45003,"Aiken County","SC",26.4,28396,168808
"13",24,12001,"Alachua County","FL",43.3,28646,278468
"14",25,37001,"Alamance County","NC",24.8,27312,171415
"15",26,6001,"Alameda County","CA",47.4,47314,1682353
"16",28,36001,"Albany County","NY",41.8,37635,314848
"17",29,56001,"Albany County","WY",51.8,29146,37066
"18",30,51003,"Albemarle County","VA",55.1,44799,112395
"19",32,28003,"Alcorn County","MS",17.1,23909,34740
"20",34,37003,"Alexander County","NC",14.2,26688,36444
"21",38,26005,"Allegan County","MI",22.6,29215,120502
"22",39,24001,"Allegany County","MD",18.9,23607,68106
"23",40,36003,"Allegany County","NY",20.9,24857,46456
"24",43,42003,"Allegheny County","PA",41.6,38709,1250578
"25",44,18003,"Allen County","IN",28.5,29160,385410
"26",47,39003,"Allen County","OH",18.9,26761,102206
"27",50,26007,"Alpena County","MI",18,25957,28907
"28",52,6005,"Amador County","CA",19.3,31987,40474
"29",54,51009,"Amherst County","VA",19.1,26712,31307
"30",58,45007,"Anderson County","SC",22.2,27552,203718
"31",59,47001,"Anderson County","TN",23.3,28455,77123
"32",60,48001,"Anderson County","TX",10.6,17280,57922
"33",63,23001,"Androscoggin County","ME",22.8,28956,111139
"34",64,48005,"Angelina County","TX",16.9,23147,86395
"35",65,24003,"Anne Arundel County","MD",41.7,46629,588261
"36",66,27003,"Anoka County","MN",30.5,36978,363887
"37",70,4001,"Apache County","AZ",12.3,15128,66021
"38",75,8005,"Arapahoe County","CO",42.8,40443,655070
"39",80,51013,"Arlington County","VA",75.3,71841,238643
"40",81,42005,"Armstrong County","PA",16.7,27715,65558
"41",83,23003,"Aroostook County","ME",19.2,25477,67105
"42",85,22005,"Ascension Parish","LA",26.4,34168,126500
"43",86,37009,"Ashe County","NC",19.7,24814,26577
"44",87,39005,"Ashland County","OH",20.9,26017,52447
"45",90,39007,"Ashtabula County","OH",14.3,24265,97574
"46",93,48013,"Atascosa County","TX",14.4,23890,48981
"47",96,39009,"Athens County","OH",30.2,22040,62431
"48",98,34001,"Atlantic County","NJ",28.1,33284,274534
"49",103,39011,"Auglaize County","OH",18.9,31198,46422
"50",104,51015,"Augusta County","VA",22.7,30272,77487
"51",106,48015,"Austin County","TX",23.9,30219,30167
"52",107,1001,"Autauga County","AL",26.6,29819,58805
"53",109,22009,"Avoyelles Parish","LA",12.3,22017,39693
"54",113,12003,"Baker County","FL",13.2,24686,28259
"55",116,1003,"Baldwin County","AL",31.9,32626,231767
"56",117,13009,"Baldwin County","GA",23.3,21716,43799
"57",119,24005,"Baltimore County","MD",39.4,40105,854535
"58",124,16005,"Bannock County","ID",27.8,25076,87018
"59",130,25001,"Barnstable County","MA",43.4,44505,228996
"60",132,21009,"Barren County","KY",16.3,21869,44485
"61",133,55005,"Barron County","WI",20.6,29681,46711
"62",134,13013,"Barrow County","GA",19,25266,83505
"63",135,26015,"Barry County","MI",21.1,31760,62423
"64",136,29009,"Barry County","MO",14.6,25068,34534
"65",137,18005,"Bartholomew County","IN",33.5,31774,82208
"66",140,13015,"Bartow County","GA",18.6,26493,108901
"67",141,48021,"Bastrop County","TX",20.7,27773,97216
"68",145,5005,"Baxter County","AR",17.9,26863,41627
"69",146,12005,"Bay County","FL",23.7,29290,175216
"70",147,26017,"Bay County","MI",19.3,27469,103856
"71",152,37013,"Beaufort County","NC",20.6,27504,44652
"72",153,45013,"Beaufort County","SC",41.2,38946,187117
"73",154,22011,"Beauregard Parish","LA",17.8,26331,36549
"74",156,42007,"Beaver County","PA",24.7,31305,168215
"75",159,27005,"Becker County","MN",25,31729,35183
"76",161,42009,"Bedford County","PA",14.7,26078,47577
"77",162,47003,"Bedford County","TN",16.6,24864,50237
"78",163,48025,"Bee County","TX",8.9,18340,31047
"79",164,33001,"Belknap County","NH",32.6,37430,63705
"80",166,48027,"Bell County","TX",25.2,26677,370647
"81",167,39013,"Belmont County","OH",16.7,27580,66497
"82",168,27007,"Beltrami County","MN",29.2,25418,46228
"83",172,50003,"Bennington County","VT",36.2,33789,37347
"84",175,5007,"Benton County","AR",33.4,34442,284333
"85",176,19011,"Benton County","IA",22.1,33301,25575
"86",178,27009,"Benton County","MN",23.6,29831,41379
"87",181,41003,"Benton County","OR",54.1,33817,95184
"88",183,53005,"Benton County","WA",30.9,32882,206873
"89",185,34003,"Bergen County","NJ",49.3,51214,955732
"90",186,45015,"Berkeley County","SC",25,29662,229861
"91",187,54003,"Berkeley County","WV",21.2,29994,122076
"92",188,42011,"Berks County","PA",24.9,31571,428849
"93",189,35001,"Bernalillo County","NM",34.4,30734,676444
"94",191,26021,"Berrien County","MI",27.8,30864,154316
"95",193,48029,"Bexar County","TX",28,27834,2009324
"96",195,13021,"Bibb County","GA",25.4,25640,157346
"97",201,16011,"Bingham County","ID",21.2,23059,47992
"98",202,19013,"Black Hawk County","IA",29.1,30563,131144
"99",204,37017,"Bladen County","NC",15.8,23440,29606
"100",209,42013,"Blair County","PA",21.3,28119,122822
"101",214,1009,"Blount County","AL",13.1,24747,59134
"102",215,47009,"Blount County","TN",24.2,30548,135280
"103",216,27013,"Blue Earth County","MN",34.8,29677,69112
"104",218,28011,"Bolivar County","MS",23.6,18843,30985
"105",222,16017,"Bonner County","ID",23.8,27918,47110
"106",223,16019,"Bonneville County","ID",31.3,28671,123964
"107",224,5009,"Boone County","AR",16.1,24727,37373
"108",225,19015,"Boone County","IA",25.3,32889,26715
"109",226,17007,"Boone County","IL",23.5,31943,53448
"110",227,18011,"Boone County","IN",49.3,48295,70812
"111",228,21015,"Boone County","KY",32.1,35991,135968
"112",229,29019,"Boone County","MO",46.1,30415,183610
"113",234,22015,"Bossier Parish","LA",25.2,28766,128746
"114",235,51023,"Botetourt County","VA",28.3,35893,33596
"115",237,8013,"Boulder County","CO",62.1,46826,330758
"116",241,48037,"Bowie County","TX",20.6,27095,92893
"117",244,49003,"Box Elder County","UT",23.9,24797,57666
"118",245,21019,"Boyd County","KY",19.4,26193,48261
"119",247,21021,"Boyle County","KY",25.2,26413,30614
"120",249,12007,"Bradford County","FL",9.9,20529,28303
"121",250,42015,"Bradford County","PA",18.7,28392,59967
"122",252,47011,"Bradley County","TN",22.3,26655,108620
"123",253,26023,"Branch County","MI",14.4,25279,44862
"124",256,48039,"Brazoria County","TX",30,34561,372031
"125",257,48041,"Brazos County","TX",41.7,27632,233849
"126",261,12009,"Brevard County","FL",30.2,32176,606612
"127",264,25005,"Bristol County","MA",28.7,35747,579200
"128",266,36005,"Bronx County","NY",20.1,21778,1472654
"129",268,46011,"Brookings County","SD",40.3,28330,34375
"130",271,36007,"Broome County","NY",28.4,28699,198683
"131",272,12011,"Broward County","FL",32.4,32909,1944375
"132",276,27015,"Brown County","MN",22.2,31237,25912
"133",278,39015,"Brown County","OH",14.9,26696,43676
"134",279,46013,"Brown County","SD",29.4,33122,38301
"135",280,48049,"Brown County","TX",19.1,27463,38095
"136",281,55009,"Brown County","WI",30.3,32874,268740
"137",283,37019,"Brunswick County","NC",29.9,33312,136693
"138",285,13029,"Bryan County","GA",33.1,31623,44738
"139",286,40013,"Bryan County","OK",21.9,23979,46067
"140",288,29021,"Buchanan County","MO",21.1,26347,84793
"141",291,42017,"Bucks County","PA",41.3,45849,646538
"142",293,31019,"Buffalo County","NE",34.6,31043,50084
"143",296,21029,"Bullitt County","KY",14.7,29333,82217
"144",297,13031,"Bulloch County","GA",27,22328,81099
"145",299,37021,"Buncombe County","NC",40.1,32426,269452
"146",300,17011,"Bureau County","IL",20.6,30255,33244
"147",302,37023,"Burke County","NC",16.4,24481,87570
"148",304,38015,"Burleigh County","ND",35.8,38804,98458
"149",306,34005,"Burlington County","NJ",38,43187,461860
"150",307,48053,"Burnet County","TX",25.4,30980,49130
"151",312,20015,"Butler County","KS",29.8,29986,67380
"152",314,29023,"Butler County","MO",13.3,21652,42130
"153",316,39017,"Butler County","OH",30.2,31921,390357
"154",317,42019,"Butler County","PA",36,37811,193763
"155",318,6007,"Butte County","CA",27.2,29506,211632
"156",322,37025,"Cabarrus County","NC",32.3,32255,225804
"157",323,54011,"Cabell County","WV",26,25271,94350
"158",324,49005,"Cache County","UT",38.3,23713,133154
"159",325,40015,"Caddo County","OK",15.4,23167,26945
"160",326,22017,"Caddo Parish","LA",23.5,26545,237848
"161",327,6009,"Calaveras County","CA",18.3,33456,45292
"162",328,22019,"Calcasieu Parish","LA",22.3,28778,216785
"163",331,37027,"Caldwell County","NC",15.7,23869,80652
"164",332,48055,"Caldwell County","TX",14.6,25086,45883
"165",334,50005,"Caledonia County","VT",29,29769,30233
"166",335,1015,"Calhoun County","AL",18.5,25345,116441
"167",341,26025,"Calhoun County","MI",21,26855,134310
"168",347,29027,"Callaway County","MO",23.1,25849,44283
"169",348,21035,"Calloway County","KY",28.5,23219,37103
"170",349,55015,"Calumet County","WI",29.4,35527,52442
"171",350,24009,"Calvert County","MD",32.4,45783,92783
"172",352,42021,"Cambria County","PA",21.1,26008,133472
"173",353,13039,"Camden County","GA",23.9,29741,54768
"174",354,29029,"Camden County","MO",21.1,28275,42745
"175",356,34007,"Camden County","NJ",32.5,35958,523485
"176",358,48061,"Cameron County","TX",17.3,17430,421017
"177",361,21037,"Campbell County","KY",36.3,34025,93076
"178",363,47013,"Campbell County","TN",12.4,24212,39272
"179",364,51031,"Campbell County","VA",22.5,27739,55696
"180",365,56005,"Campbell County","WY",18.9,34776,47026
"181",366,40017,"Canadian County","OK",27.4,30755,154405
"182",369,16027,"Canyon County","ID",18.7,22232,231105
"183",370,29031,"Cape Girardeau County","MO",31.5,28267,81710
"184",371,34009,"Cape May County","NJ",32.8,40389,95263
"185",373,42025,"Carbon County","PA",17.9,29202,64749
"186",378,27017,"Carlton County","MN",22.1,29440,36207
"187",379,24011,"Caroline County","MD",18.4,29624,33293
"188",380,51033,"Caroline County","VA",19.9,31568,30887
"189",381,5015,"Carroll County","AR",21.2,25295,28260
"190",382,13045,"Carroll County","GA",21.1,24993,119148
"191",387,24013,"Carroll County","MD",36.4,42083,172891
"192",390,33003,"Carroll County","NH",34.3,37490,50107
"193",391,39019,"Carroll County","OH",13.3,29518,26721
"194",392,47017,"Carroll County","TN",18,22394,28440
"195",393,51035,"Carroll County","VA",15,25449,29155
"196",395,21043,"Carter County","KY",12.6,18778,26627
"197",398,40019,"Carter County","OK",20.5,26094,48003
"198",399,47019,"Carter County","TN",17.5,23205,56356
"199",400,37031,"Carteret County","NC",29.1,33722,67686
"200",401,27019,"Carver County","MN",48.9,47221,106922
"201",402,30013,"Cascade County","MT",25.7,30110,84414
"202",406,18017,"Cass County","IN",13.3,24948,37870
"203",407,26027,"Cass County","MI",19.2,31295,51589
"204",408,27021,"Cass County","MN",23.2,30326,30066
"205",409,29037,"Cass County","MO",26.3,32868,107824
"206",410,38017,"Cass County","ND",40.2,37620,184525
"207",411,31025,"Cass County","NE",27.7,33851,26598
"208",412,48067,"Cass County","TX",16.4,23075,28454
"209",417,37035,"Catawba County","NC",22.6,28224,160610
"210",418,13047,"Catoosa County","GA",21.4,27308,67872
"211",420,36009,"Cattaraugus County","NY",19.1,25822,77042
"212",422,36011,"Cayuga County","NY",22.6,30509,76248
"213",423,24015,"Cecil County","MD",23.9,34810,103725
"214",427,42027,"Centre County","PA",45.5,30753,158172
"215",428,19033,"Cerro Gordo County","IA",23.6,32757,43127
"216",430,1017,"Chambers County","AL",13.3,22729,34772
"217",431,48071,"Chambers County","TX",22.7,35916,46571
"218",432,17019,"Champaign County","IL",45,30578,205865
"219",433,39021,"Champaign County","OH",16.1,27722,38714
"220",436,24017,"Charles County","MD",28.9,41717,166617
"221",438,45019,"Charleston County","SC",43.6,39914,408235
"222",439,26029,"Charlevoix County","MI",31.1,33620,26054
"223",440,12015,"Charlotte County","FL",23.4,32144,186847
"224",445,13051,"Chatham County","GA",33.6,32229,295291
"225",446,37037,"Chatham County","NC",42.4,40967,76285
"226",450,36013,"Chautauqua County","NY",22.2,26165,127657
"227",451,35005,"Chaves County","NM",18,22041,65157
"228",452,47021,"Cheatham County","TN",21,27893,41072
"229",453,26031,"Cheboygan County","MI",20.7,26393,25579
"230",454,53007,"Chelan County","WA",25.8,30870,79074
"231",455,36015,"Chemung County","NY",23.3,28778,84148
"232",456,36017,"Chenango County","NY",18.7,27708,47220
"233",458,13057,"Cherokee County","GA",38.2,36503,266620
"234",461,37039,"Cherokee County","NC",19,23902,28774
"235",462,40021,"Cherokee County","OK",26.3,22161,47078
"236",463,45021,"Cherokee County","SC",14.2,21152,56216
"237",464,48073,"Cherokee County","TX",17.2,22391,50412
"238",466,33005,"Cheshire County","NH",33.1,33946,76458
"239",467,42029,"Chester County","PA",53,50927,534413
"240",468,45023,"Chester County","SC",13.4,22324,32294
"241",470,45025,"Chesterfield County","SC",10.4,21325,43273
"242",471,51041,"Chesterfield County","VA",40.5,37658,364548
"243",479,1021,"Chilton County","AL",12.7,24658,45014
"244",480,26033,"Chippewa County","MI",21.2,25086,36785
"245",482,55017,"Chippewa County","WI",21,29991,66297
"246",483,27025,"Chisago County","MN",21.5,35021,56621
"247",484,50007,"Chittenden County","VT",51.3,39062,168323
"248",490,17021,"Christian County","IL",17.1,27361,34032
"249",491,21047,"Christian County","KY",18.1,23021,72748
"250",492,29043,"Christian County","MO",28.6,28216,88842
"251",494,35006,"Cibola County","NM",14.2,20018,27172
"252",496,12017,"Citrus County","FL",18.3,26989,153843
"253",497,41005,"Clackamas County","OR",37.4,41492,421401
"254",499,47025,"Claiborne County","TN",16.1,21566,32043
"255",501,53009,"Clallam County","WA",27.4,30283,77155
"256",502,26035,"Clare County","MI",12.6,22573,30856
"257",503,45027,"Clarendon County","SC",15.1,22824,31144
"258",504,42031,"Clarion County","PA",22.1,25157,37241
"259",508,18019,"Clark County","IN",21.2,29062,121093
"260",510,21049,"Clark County","KY",20.1,28802,36972
"261",512,32003,"Clark County","NV",24.5,30704,2265461
"262",513,39023,"Clark County","OH",18.7,27066,136001
"263",515,53011,"Clark County","WA",30.6,35860,503311
"264",516,55019,"Clark County","WI",12.6,25382,34659
"265",518,13059,"Clarke County","GA",44,23827,128671
"266",522,41007,"Clatsop County","OR",24.4,29757,41072
"267",525,12019,"Clay County","FL",24.9,30483,218245
"268",529,18021,"Clay County","IN",17,26257,26466
"269",532,27027,"Clay County","MN",34.2,30768,65318
"270",533,29047,"Clay County","MO",33.2,34560,253335
"271",541,13063,"Clayton County","GA",19.5,20970,297595
"272",544,42033,"Clearfield County","PA",15.1,24403,80562
"273",549,39025,"Clermont County","OH",28.6,34390,208601
"274",551,37045,"Cleveland County","NC",17.6,22589,99519
"275",552,40027,"Cleveland County","OK",33.4,31571,295528
"276",554,19045,"Clinton County","IA",17.9,28483,46460
"277",555,17027,"Clinton County","IL",22.3,31783,36899
"278",556,18023,"Clinton County","IN",16.3,24489,33190
"279",558,26037,"Clinton County","MI",32.1,34761,79128
"280",560,36019,"Clinton County","NY",22.9,27761,79843
"281",561,39027,"Clinton County","OH",18.9,26690,42018
"282",562,42035,"Clinton County","PA",19.5,25794,37450
"283",566,13067,"Cobb County","GA",47.4,40031,766149
"284",567,4003,"Cochise County","AZ",23.1,26819,125447
"285",569,47029,"Cocke County","TN",11.6,21867,35999
"286",570,4005,"Coconino County","AZ",36.2,27339,145101
"287",571,46029,"Codington County","SD",21.5,30043,28325
"288",572,1031,"Coffee County","AL",22.8,27806,53465
"289",573,13069,"Coffee County","GA",13,19905,43092
"290",574,47031,"Coffee County","TN",20.5,26557,57889
"291",577,1033,"Colbert County","AL",18.1,25536,57227
"292",578,29051,"Cole County","MO",33.3,30422,77279
"293",580,17029,"Coles County","IL",26,28084,46863
"294",583,45029,"Colleton County","SC",14.6,21377,38604
"295",584,12021,"Collier County","FL",36.4,45567,375752
"296",585,48085,"Collin County","TX",52.3,44548,1064465
"297",588,13071,"Colquitt County","GA",12.8,20529,45898
"298",590,12023,"Columbia County","FL",14.9,24275,69698
"299",591,13073,"Columbia County","GA",36.4,34579,156010
"300",592,36021,"Columbia County","NY",32.7,38268,61570
"301",593,41009,"Columbia County","OR",18.5,31883,52589
"302",594,42037,"Columbia County","PA",22.9,26787,64727
"303",596,55021,"Columbia County","WI",23.3,34984,58490
"304",597,39029,"Columbiana County","OH",14.9,26469,101877
"305",598,37047,"Columbus County","NC",13.8,22608,50623
"306",600,48091,"Comal County","TX",36.8,38991,161501
"307",602,40031,"Comanche County","OK",22.2,26449,121125
"308",608,6013,"Contra Costa County","CA",42.4,48178,1165927
"309",612,17031,"Cook County","IL",38.8,37552,5275541
"310",614,48097,"Cooke County","TX",20.9,30704,41668
"311",616,33007,"Coos County","NH",18.2,27393,31268
"312",617,41011,"Coos County","OR",17.8,27582,64929
"313",619,28029,"Copiah County","MS",14.5,20093,28368
"314",621,36023,"Cortland County","NY",28,28229,46809
"315",622,48099,"Coryell County","TX",16.1,22400,83093
"316",623,39031,"Coshocton County","OH",13.2,23432,36612
"317",628,1039,"Covington County","AL",15.3,23687,37570
"318",630,13077,"Coweta County","GA",30.3,33875,146158
"319",631,20035,"Cowley County","KS",21.8,24726,34549
"320",632,53015,"Cowlitz County","WA",17,28876,110730
"321",635,5031,"Craighead County","AR",26.2,26948,111231
"322",637,37049,"Craven County","NC",25.3,29521,100720
"323",638,5033,"Crawford County","AR",16,24547,60133
"324",643,20037,"Crawford County","KS",29.9,23091,38972
"325",646,39033,"Crawford County","OH",14.4,25744,42025
"326",647,42039,"Crawford County","PA",21.1,26582,83938
"327",649,40037,"Creek County","OK",17,26044,71754
"328",652,5035,"Crittenden County","AR",17.4,23172,48163
"329",660,27035,"Crow Wing County","MN",24.7,32368,66123
"330",663,1043,"Cullman County","AL",13.9,23468,87866
"331",664,51047,"Culpeper County","VA",25.7,32028,52552
"332",667,23005,"Cumberland County","ME",47.6,40527,303069
"333",668,37051,"Cumberland County","NC",25.5,24936,334728
"334",669,34011,"Cumberland County","NJ",15.6,25694,154152
"335",670,42041,"Cumberland County","PA",36.6,37500,259469
"336",671,47035,"Cumberland County","TN",18.5,25832,61145
"337",674,37053,"Currituck County","NC",23.5,31849,28100
"338",675,35009,"Curry County","NM",19.2,23021,48430
"339",681,40039,"Custer County","OK",24.8,26520,28513
"340",683,39035,"Cuyahoga County","OH",32.5,33114,1264817
"341",687,27037,"Dakota County","MN",42.2,41552,439882
"342",689,1045,"Dale County","AL",18.1,24645,49326
"343",691,1047,"Dallas County","AL",14.7,19612,38462
"344",693,19049,"Dallas County","IA",50.4,45090,99678
"345",695,48113,"Dallas County","TX",31.5,32653,2613539
"346",696,55025,"Dane County","WI",51.4,40614,561504
"347",698,37055,"Dare County","NC",34.7,34578,36915
"348",699,39037,"Darke County","OH",15.8,27855,51881
"349",700,45031,"Darlington County","SC",18.4,23027,62905
"350",701,42043,"Dauphin County","PA",30.8,33639,286401
"351",702,37057,"Davidson County","NC",18.5,25988,168930
"352",703,47037,"Davidson County","TN",41.7,36440,715884
"353",704,37059,"Davie County","NC",24,31173,42712
"354",705,18027,"Daviess County","IN",13.2,23848,33381
"355",706,21059,"Daviess County","KY",22.9,28806,103312
"356",709,49011,"Davis County","UT",37.8,31205,362679
"357",712,13085,"Dawson County","GA",30.6,34239,26798
"358",718,22031,"De Soto Parish","LA",14.8,26767,26812
"359",720,1049,"DeKalb County","AL",13,21907,71608
"360",721,13089,"DeKalb County","GA",44.2,36077,764382
"361",722,17037,"DeKalb County","IL",32.3,29430,100420
"362",723,18033,"DeKalb County","IN",18,29073,43265
"363",726,12027,"DeSoto County","FL",11.5,18503,33976
"364",727,28033,"DeSoto County","MS",25,30195,185314
"365",730,18029,"Dearborn County","IN",22.9,30800,50679
"366",731,13087,"Decatur County","GA",13.8,21568,29367
"367",733,18031,"Decatur County","IN",20.6,27006,26472
"368",737,39039,"Defiance County","OH",18,29816,38286
"369",738,6015,"Del Norte County","CA",14.8,23674,27743
"370",740,18035,"Delaware County","IN",23.7,25107,111903
"371",741,36025,"Delaware County","NY",22.6,27701,44308
"372",742,39041,"Delaware County","OH",54.3,48117,214124
"373",743,40041,"Delaware County","OK",18.1,24070,40397
"374",744,42045,"Delaware County","PA",39,40026,576830
"375",745,8029,"Delta County","CO",21.7,26499,31196
"376",746,26041,"Delta County","MI",21,27632,36903
"377",749,48121,"Denton County","TX",45.1,41153,906422
"378",750,19057,"Des Moines County","IA",20.1,29941,38910
"379",751,41017,"Deschutes County","OR",35.4,35507,198253
"380",762,26043,"Dickinson County","MI",25.7,29656,25947
"381",763,47043,"Dickson County","TN",16.2,27115,54315
"382",764,45033,"Dillon County","SC",11.1,17605,28292
"383",766,51053,"Dinwiddie County","VA",18.6,28922,27947
"384",773,31053,"Dodge County","NE",19,28019,37167
"385",774,55027,"Dodge County","WI",17,29726,89396
"386",779,55029,"Door County","WI",33.7,38744,30066
"387",780,24019,"Dorchester County","MD",21.2,30293,32531
"388",781,45035,"Dorchester County","SC",28.2,29853,161540
"389",782,13095,"Dougherty County","GA",21.4,22059,85790
"390",783,8035,"Douglas County","CO",58,53313,357978
"391",784,13097,"Douglas County","GA",28.2,27743,144237
"392",786,20045,"Douglas County","KS",49.6,32281,118785
"393",787,27041,"Douglas County","MN",26,36535,39006
"394",789,31055,"Douglas County","NE",39.7,35307,584526
"395",790,32005,"Douglas County","NV",29.4,38814,49488
"396",791,41019,"Douglas County","OR",17.3,26478,111201
"397",793,53017,"Douglas County","WA",20.5,30544,42938
"398",794,55031,"Douglas County","WI",24.1,30153,44295
"399",796,17043,"DuPage County","IL",49.4,46272,932877
"400",797,18037,"Dubois County","IN",23.7,30366,43637
"401",798,19061,"Dubuque County","IA",30.8,32905,99266
"402",802,29069,"Dunklin County","MO",13.8,21801,28283
"403",804,55033,"Dunn County","WI",27.9,28034,45440
"404",805,37061,"Duplin County","NC",12.1,20254,48715
"405",806,37063,"Durham County","NC",48.2,35398,324833
"406",807,36027,"Dutchess County","NY",35,40093,295911
"407",808,12031,"Duval County","FL",30,31327,995567
"408",810,47045,"Dyer County","TN",16.1,27710,36801
"409",811,8037,"Eagle County","CO",47.2,44391,55731
"410",813,22033,"East Baton Rouge Parish","LA",34.9,32431,456781
"411",817,26045,"Eaton County","MI",27.8,33427,109175
"412",818,55035,"Eau Claire County","WI",32.3,30983,105710
"413",820,48135,"Ector County","TX",15.4,28954,165171
"414",822,35015,"Eddy County","NM",16.2,30246,62314
"415",824,37065,"Edgecombe County","NC",13.6,20626,48900
"416",825,45037,"Edgefield County","SC",16.7,26228,25657
"417",831,13103,"Effingham County","GA",20,31704,64769
"418",832,17049,"Effingham County","IL",22.7,31665,34668
"419",833,6017,"El Dorado County","CA",34.3,42749,191185
"420",834,8041,"El Paso County","CO",38.5,33728,730395
"421",835,48141,"El Paso County","TX",23.3,21683,865657
"422",836,8039,"Elbert County","CO",35.8,44690,26062
"423",839,42047,"Elk County","PA",19.6,29772,30990
"424",840,18039,"Elkhart County","IN",19.8,26150,207047
"425",841,32007,"Elko County","NV",16.6,33875,53702
"426",843,20051,"Ellis County","KS",36.3,30956,28934
"427",845,48139,"Ellis County","TX",24.3,32571,192455
"428",847,1051,"Elmore County","AL",25.1,29052,87977
"429",848,16039,"Elmore County","ID",18.7,23028,28666
"430",852,26047,"Emmet County","MI",33.4,34074,34112
"431",854,48143,"Erath County","TX",31.5,27639,42545
"432",855,36029,"Erie County","NY",34.4,33598,954236
"433",856,39043,"Erie County","OH",23.2,32790,75622
"434",857,42049,"Erie County","PA",27.9,28306,270876
"435",858,1053,"Escambia County","AL",12.5,19028,36757
"436",859,12033,"Escambia County","FL",26.5,28022,321905
"437",861,34013,"Essex County","NJ",35.5,38722,863728
"438",862,36031,"Essex County","NY",26.8,31667,37381
"439",866,1055,"Etowah County","AL",17.8,24883,103436
"440",868,22039,"Evangeline Parish","LA",11.6,18770,32350
"441",870,51059,"Fairfax County","VA",61.6,56231,1150309
"442",871,39045,"Fairfield County","OH",27.6,32021,158921
"443",877,48147,"Fannin County","TX",17.4,27112,35662
"444",880,5045,"Faulkner County","AR",30.6,26913,123498
"445",881,51061,"Fauquier County","VA",36.4,45408,72972
"446",883,13113,"Fayette County","GA",46.2,44061,119194
"447",887,21067,"Fayette County","KY",43.6,34442,322570
"448",888,39047,"Fayette County","OH",16.3,26079,28951
"449",889,42051,"Fayette County","PA",17.3,27368,128804
"450",890,47047,"Fayette County","TN",22.2,33383,41990
"451",892,54019,"Fayette County","WV",14.8,21914,40488
"452",898,20055,"Finney County","KS",17.1,24152,38470
"453",900,12035,"Flagler County","FL",25.1,29383,115378
"454",901,30029,"Flathead County","MT",31,31694,104357
"455",903,45041,"Florence County","SC",23.6,26127,137059
"456",905,13115,"Floyd County","GA",20.9,25776,98584
"457",907,18043,"Floyd County","IN",29.6,33478,80484
"458",908,21071,"Floyd County","KY",11.3,19471,35942
"459",911,51065,"Fluvanna County","VA",33.9,39633,27249
"460",913,55039,"Fond du Lac County","WI",23.1,31653,104154
"461",915,20057,"Ford County","KS",17.7,23293,34287
"462",918,28035,"Forrest County","MS",27.8,22534,78158
"463",919,13117,"Forsyth County","GA",53.1,43832,251283
"464",920,37067,"Forsyth County","NC",34,30769,382590
"465",921,48157,"Fort Bend County","TX",46.2,39994,822779
"466",924,1059,"Franklin County","AL",14,21641,32113
"467",930,17055,"Franklin County","IL",16.7,24098,37804
"468",932,20059,"Franklin County","KS",20.4,26998,25996
"469",933,21073,"Franklin County","KY",29.9,30711,51541
"470",934,23007,"Franklin County","ME",24.8,27252,29456
"471",935,29071,"Franklin County","MO",20.9,30278,104682
"472",937,37069,"Franklin County","NC",22,27294,68573
"473",939,36033,"Franklin County","NY",19.1,25406,47555
"474",940,39049,"Franklin County","OH",40,33998,1323807
"475",941,42055,"Franklin County","PA",21.6,31221,155932
"476",942,47051,"Franklin County","TN",20.8,28317,42774
"477",944,51067,"Franklin County","VA",21.9,30487,54477
"478",945,50011,"Franklin County","VT",24.1,31195,49946
"479",946,53021,"Franklin County","WA",17.7,24380,96749
"480",948,24021,"Frederick County","MD",41.4,43582,271717
"481",949,51069,"Frederick County","VA",28.3,35123,91419
"482",950,27047,"Freeborn County","MN",17.1,29316,30895
"483",952,8043,"Fremont County","CO",18.5,22692,48939
"484",955,56013,"Fremont County","WY",24.3,28324,39234
"485",956,6019,"Fresno County","CA",21.2,24422,1008654
"486",960,13121,"Fulton County","GA",52.9,47163,1066710
"487",961,17057,"Fulton County","IL",17.6,27741,33609
"488",964,36035,"Fulton County","NY",18.2,27443,53324
"489",965,39051,"Fulton County","OH",17.6,29600,42713
"490",968,12039,"Gadsden County","FL",16.2,20734,43826
"491",973,30031,"Gallatin County","MT",50.1,36924,118960
"492",974,39053,"Gallia County","OH",15.9,24130,29220
"493",975,48167,"Galveston County","TX",31.1,36819,350682
"494",977,8045,"Garfield County","CO",31,33393,61685
"495",980,40047,"Garfield County","OK",22.9,28333,62846
"496",983,5051,"Garland County","AR",21.6,27171,100180
"497",985,24023,"Garrett County","MD",20.9,30617,28806
"498",986,40049,"Garvin County","OK",14.7,24880,25656
"499",989,37071,"Gaston County","NC",21.2,27352,227943
"500",991,20061,"Geary County","KS",23.2,23897,36739
"501",992,39055,"Geauga County","OH",38,42958,95397
"502",994,26049,"Genesee County","MI",21.2,27295,406211
"503",995,36037,"Genesee County","NY",22.3,30511,58388
"504",996,1061,"Geneva County","AL",12.5,21711,26659
"505",999,45043,"Georgetown County","SC",27.3,31382,63404
"506",1000,18051,"Gibson County","IN",18,28076,33011
"507",1001,47053,"Gibson County","TN",18.4,23211,50429
"508",1002,4007,"Gila County","AZ",18.7,24251,53272
"509",1004,47055,"Giles County","TN",16.5,25690,30346
"510",1006,48171,"Gillespie County","TX",32.2,34077,26725
"511",1008,13123,"Gilmer County","GA",20.4,27282,31353
"512",1016,6021,"Glenn County","CA",14.2,22668,28917
"513",1017,34015,"Gloucester County","NJ",33,39337,302294
"514",1018,51073,"Gloucester County","VA",23.3,33692,38711
"515",1019,13127,"Glynn County","GA",29.9,33848,84499
"516",1026,27049,"Goodhue County","MN",26,34803,47582
"517",1028,13129,"Gordon County","GA",14.7,24092,57544
"518",1032,13131,"Grady County","GA",13.9,22543,26236
"519",1033,40051,"Grady County","OK",19.9,30242,54795
"520",1034,33009,"Grafton County","NH",40.6,37750,91118
"521",1035,4009,"Graham County","AZ",15.2,18683,38533
"522",1041,38035,"Grand Forks County","ND",35.6,32153,73170
"523",1043,26055,"Grand Traverse County","MI",36,35405,95238
"524",1046,18053,"Grant County","IN",17.9,23046,66674
"525",1052,35017,"Grant County","NM",28.8,25590,28185
"526",1056,53025,"Grant County","WA",17.7,24280,99123
"527",1057,55043,"Grant County","WI",23.8,25892,51938
"528",1060,37077,"Granville County","NC",22.5,27131,60992
"529",1061,26057,"Gratiot County","MI",15.4,23616,41761
"530",1062,21083,"Graves County","KY",17.4,24750,36649
"531",1065,53027,"Grays Harbor County","WA",16.5,27210,75636
"532",1066,21085,"Grayson County","KY",10.5,21231,26420
"533",1067,48181,"Grayson County","TX",20.4,28011,135543
"534",1072,55045,"Green County","WI",23.6,33459,37093
"535",1074,54025,"Greenbrier County","WV",19.9,24581,32977
"536",1076,5055,"Greene County","AR",16.2,23494,45736
"537",1080,18055,"Greene County","IN",14.9,25453,30803
"538",1081,29077,"Greene County","MO",30.5,27525,298915
"539",1084,36039,"Greene County","NY",22.1,28433,47931
"540",1085,39057,"Greene County","OH",39.2,35833,167966
"541",1086,42059,"Greene County","PA",17.6,27783,35954
"542",1087,47059,"Greene County","TN",16.7,25190,70152
"543",1091,21089,"Greenup County","KY",17.1,27722,35962
"544",1092,45045,"Greenville County","SC",35.1,32679,525534
"545",1094,45047,"Greenwood County","SC",24.6,24752,69351
"546",1096,48183,"Gregg County","TX",21.3,26535,124239
"547",1100,48185,"Grimes County","TX",15.7,25638,29268
"548",1102,17063,"Grundy County","IL",22.9,35208,52533
"549",1106,48187,"Guadalupe County","TX",28.2,31842,172706
"550",1107,39059,"Guernsey County","OH",14.6,24742,38438
"551",1108,37081,"Guilford County","NC",36,30767,541299
"552",1112,13135,"Gwinnett County","GA",36.9,30636,957062
"553",1114,13137,"Habersham County","GA",19.3,23046,46031
"554",1116,48189,"Hale County","TX",17.1,20986,32522
"555",1117,37083,"Halifax County","NC",14.4,21848,48622
"556",1118,51083,"Halifax County","VA",15.4,23909,34022
"557",1119,13139,"Hall County","GA",24.5,29680,203136
"558",1120,31079,"Hall County","NE",21.5,28359,62895
"559",1122,47063,"Hamblen County","TN",16.8,23517,64499
"560",1126,18057,"Hamilton County","IN",59.3,49287,347467
"561",1130,39061,"Hamilton County","OH",37.9,35570,830639
"562",1131,47065,"Hamilton County","TN",32.2,32839,366207
"563",1139,18059,"Hancock County","IN",30.8,34119,79840
"564",1141,23009,"Hancock County","ME",34.1,34361,55478
"565",1142,28045,"Hancock County","MS",22,27462,46053
"566",1143,39063,"Hancock County","OH",27.1,32797,74920
"567",1145,54029,"Hancock County","WV",17.4,26435,29095
"568",1147,51085,"Hanover County","VA",39.8,41200,109979
"569",1150,13143,"Haralson County","GA",14.8,25074,29919
"570",1156,21093,"Hardin County","KY",22,28606,110702
"571",1157,39065,"Hardin County","OH",16.2,23383,30696
"572",1158,47071,"Hardin County","TN",15,24243,26831
"573",1159,48199,"Hardin County","TX",16.8,30399,56231
"574",1163,24025,"Harford County","MD",36.7,41147,260924
"575",1164,21095,"Harlan County","KY",10.8,16468,26831
"576",1167,37085,"Harnett County","NC",21.9,23767,133568
"577",1171,13145,"Harris County","GA",31.4,36273,34668
"578",1172,48201,"Harris County","TX",31.5,32765,4731145
"579",1174,18061,"Harrison County","IN",18.7,28119,39654
"580",1177,28047,"Harrison County","MS",23.1,25415,208621
"581",1179,48203,"Harrison County","TX",19.1,27086,68839
"582",1180,54033,"Harrison County","WV",23.3,28879,65921
"583",1181,13147,"Hart County","GA",15.7,23181,25828
"584",1184,20079,"Harvey County","KS",33.2,28226,34024
"585",1188,47073,"Hawkins County","TN",13.7,24695,56721
"586",1190,48209,"Hays County","TX",37.2,32118,241067
"587",1191,37087,"Haywood County","NC",26,30490,62089
"588",1197,21101,"Henderson County","KY",18.2,26212,44793
"589",1198,37089,"Henderson County","NC",31.8,31564,116281
"590",1199,47077,"Henderson County","TN",14.4,22695,27842
"591",1200,48213,"Henderson County","TX",17.3,26121,82150
"592",1201,18063,"Hendricks County","IN",37,36569,174788
"593",1202,12051,"Hendry County","FL",8.3,19167,39619
"594",1203,27053,"Hennepin County","MN",50.1,45768,1281565
"595",1204,51087,"Henrico County","VA",43.7,39516,334389
"596",1206,13151,"Henry County","GA",28.5,29889,240712
"597",1208,17073,"Henry County","IL",23.3,30345,49284
"598",1209,18065,"Henry County","IN",16.4,24687,48914
"599",1212,39069,"Henry County","OH",17.2,28830,27662
"600",1213,47079,"Henry County","TN",16.5,24124,32199
"601",1214,51089,"Henry County","VA",13.9,22372,50948
"602",1215,36043,"Herkimer County","NY",21.5,27850,60139
"603",1216,12053,"Hernando County","FL",18.4,25860,194515
"604",1223,48215,"Hidalgo County","TX",18.7,17175,870781
"605",1224,39071,"Highland County","OH",13.4,23543,43317
"606",1226,12055,"Highlands County","FL",17.2,25752,101235
"607",1228,48217,"Hill County","TX",17.4,26370,35874
"608",1229,12057,"Hillsborough County","FL",33.5,32343,1459762
"609",1230,33011,"Hillsborough County","NH",38.1,40955,422937
"610",1231,26059,"Hillsdale County","MI",17.3,25621,45746
"611",1232,28049,"Hinds County","MS",29,23734,227742
"612",1235,39073,"Hocking County","OH",14.4,25588,28050
"613",1238,37093,"Hoke County","NC",17.7,20991,52082
"614",1241,39075,"Holmes County","OH",9.7,23404,44223
"615",1244,48221,"Hood County","TX",26.4,35606,61598
"616",1247,21107,"Hopkins County","KY",16.5,25042,45423
"617",1248,48223,"Hopkins County","TX",20.1,26821,36787
"618",1249,45051,"Horry County","SC",23.6,28202,351029
"619",1250,5059,"Hot Spring County","AR",13.3,21866,33040
"620",1252,26061,"Houghton County","MI",32.6,23421,37361
"621",1253,1069,"Houston County","AL",21.7,27097,107202
"622",1254,13153,"Houston County","GA",28.3,29462,163633
"623",1260,18067,"Howard County","IN",21.6,28129,83658
"624",1261,24027,"Howard County","MD",62.6,54628,332317
"625",1264,48227,"Howard County","TX",12.6,24547,34860
"626",1265,29091,"Howell County","MO",18,21048,39750
"627",1267,34017,"Hudson County","NJ",42.3,40740,724854
"628",1272,6023,"Humboldt County","CA",30.4,28769,136463
"629",1277,48231,"Hunt County","TX",19.9,25926,99956
"630",1278,34019,"Hunterdon County","NJ",52.7,57098,128947
"631",1279,42061,"Huntingdon County","PA",17.4,25746,44092
"632",1280,18069,"Huntington County","IN",20.1,26502,36662
"633",1281,26063,"Huron County","MI",16,27852,31407
"634",1282,39077,"Huron County","OH",14.4,26133,58565
"635",1287,22045,"Iberia Parish","LA",13.6,23290,69929
"636",1288,22047,"Iberville Parish","LA",13.9,23751,30241
"637",1291,6025,"Imperial County","CA",15.2,18018,179702
"638",1292,5063,"Independence County","AR",17.5,23733,37938
"639",1293,12061,"Indian River County","FL",29.1,36516,159788
"640",1294,42063,"Indiana County","PA",23,26509,83246
"641",1295,26065,"Ingham County","MI",38.9,29380,284900
"642",1297,26067,"Ionia County","MI",16.4,24864,66804
"643",1301,37097,"Iredell County","NC",28.4,33194,186693
"644",1305,49021,"Iron County","UT",29.8,22909,57289
"645",1307,17075,"Iroquois County","IL",15.9,27574,27077
"646",1309,26073,"Isabella County","MI",29.1,23888,64394
"647",1310,27059,"Isanti County","MN",18.5,34054,41135
"648",1311,53029,"Island County","WA",33.6,37087,86857
"649",1312,51093,"Isle of Wight County","VA",27,37126,38606
"650",1314,27061,"Itasca County","MN",23.1,30286,45014
"651",1318,1071,"Jackson County","AL",14,22596,52579
"652",1321,12063,"Jackson County","FL",12.6,20019,47319
"653",1322,13157,"Jackson County","GA",22.7,28915,75907
"654",1324,17077,"Jackson County","IL",34.1,24804,52974
"655",1325,18071,"Jackson County","IN",16.7,25840,46428
"656",1328,26075,"Jackson County","MI",22.2,28364,160366
"657",1330,29095,"Jackson County","MO",31.6,31480,717204
"658",1331,28059,"Jackson County","MS",21.1,27141,143252
"659",1332,37099,"Jackson County","NC",30.4,25347,43109
"660",1333,39079,"Jackson County","OH",14.5,23254,32653
"661",1335,41029,"Jackson County","OR",27.8,30250,223259
"662",1340,54035,"Jackson County","WV",17.4,25341,27791
"663",1342,51095,"James City County","VA",50.4,44495,78254
"664",1344,19099,"Jasper County","IA",18.8,28604,37813
"665",1346,18073,"Jasper County","IN",14.3,28240,32918
"666",1347,29097,"Jasper County","MO",23.6,24484,122761
"667",1349,45053,"Jasper County","SC",17.8,24566,28791
"668",1350,48241,"Jasper County","TX",12.9,25269,32980
"669",1354,1073,"Jefferson County","AL",33.4,32098,674721
"670",1355,5069,"Jefferson County","AR",18,21472,67260
"671",1356,8059,"Jefferson County","CO",45.2,44119,582910
"672",1360,16051,"Jefferson County","ID",24.7,24677,30891
"673",1361,17081,"Jefferson County","IL",17.9,26466,37113
"674",1362,18077,"Jefferson County","IN",17.9,27152,33147
"675",1364,21111,"Jefferson County","KY",33.4,33251,782969
"676",1365,29099,"Jefferson County","MO",20.4,29999,226739
"677",1369,36045,"Jefferson County","NY",22.2,26194,116721
"678",1370,39081,"Jefferson County","OH",15.8,26391,65249
"679",1373,42065,"Jefferson County","PA",15.9,25509,44492
"680",1374,47089,"Jefferson County","TN",16.8,25159,54683
"681",1375,48245,"Jefferson County","TX",19.7,27094,256526
"682",1376,53031,"Jefferson County","WA",44.3,36598,32977
"683",1377,55055,"Jefferson County","WI",25.4,31992,84900
"684",1378,54037,"Jefferson County","WV",31.8,36305,57701
"685",1380,22053,"Jefferson Davis Parish","LA",16.9,25474,32250
"686",1381,22051,"Jefferson Parish","LA",26.8,30374,440781
"687",1383,18079,"Jennings County","IN",12,26017,27613
"688",1387,21113,"Jessamine County","KY",29.5,31146,52991
"689",1390,48249,"Jim Wells County","TX",12.2,21510,38891
"690",1392,5071,"Johnson County","AR",15.4,21010,25749
"691",1394,19103,"Johnson County","IA",52.8,35108,152854
"692",1396,18081,"Johnson County","IN",32.7,34408,161765
"693",1397,20091,"Johnson County","KS",56,46517,609863
"694",1399,29101,"Johnson County","MO",28.9,25380,54013
"695",1402,48251,"Johnson County","TX",18.7,28579,179927
"696",1404,37101,"Johnston County","NC",22.9,27924,215999
"697",1406,13169,"Jones County","GA",19.6,25854,28347
"698",1408,28067,"Jones County","MS",20.8,23163,67246
"699",1412,41033,"Josephine County","OR",17.5,25167,88090
"700",1415,55057,"Juneau County","WI",13.7,27889,26718
"701",1417,26077,"Kalamazoo County","MI",38.8,31975,261670
"702",1420,54039,"Kanawha County","WV",25.5,29253,180745
"703",1421,27067,"Kandiyohi County","MN",23.3,31039,43732
"704",1422,17089,"Kane County","IL",33.1,36270,516522
"705",1424,17091,"Kankakee County","IL",20.8,27984,107502
"706",1426,48257,"Kaufman County","TX",20.5,28634,145310
"707",1427,40071,"Kay County","OK",18.9,26189,43700
"708",1432,17093,"Kendall County","IL",36.2,36382,131869
"709",1433,48259,"Kendall County","TX",42.1,45866,44279
"710",1435,23011,"Kennebec County","ME",28.1,30685,123642
"711",1436,55059,"Kenosha County","WI",26.1,32298,169151
"712",1437,10001,"Kent County","DE",23.7,28845,181851
"713",1439,26081,"Kent County","MI",35.7,32524,657974
"714",1441,21117,"Kenton County","KY",31.7,33330,169064
"715",1443,6029,"Kern County","CA",16.4,23326,909235
"716",1444,48265,"Kerr County","TX",27.4,32988,52598
"717",1445,45055,"Kershaw County","SC",20.3,25442,65403
"718",1453,53033,"King County","WA",52.5,52462,2269675
"719",1454,51099,"King George County","VA",36,38739,26723
"720",1459,6031,"Kings County","CA",14.7,22373,152486
"721",1460,36047,"Kings County","NY",37.5,34173,2736074
"722",1467,53035,"Kitsap County","WA",33.2,37493,275611
"723",1468,53037,"Kittitas County","WA",32.3,29161,44337
"724",1470,41035,"Klamath County","OR",20,25880,69413
"725",1471,48273,"Kleberg County","TX",24.6,22646,31040
"726",1474,17095,"Knox County","IL",18.9,24545,49967
"727",1475,18083,"Knox County","IN",16.9,26041,36282
"728",1476,21121,"Knox County","KY",14.2,17832,30193
"729",1477,23013,"Knox County","ME",33.5,33126,40607
"730",1480,39083,"Knox County","OH",23,26390,62721
"731",1481,47093,"Knox County","TN",37.6,33229,478971
"732",1484,16055,"Kootenai County","ID",25.2,29948,171362
"733",1485,18085,"Kosciusko County","IN",23.3,29786,80240
"734",1487,55063,"La Crosse County","WI",34.9,32565,120784
"735",1489,8067,"La Plata County","CO",44.2,39493,55638
"736",1491,18087,"LaGrange County","IN",10.5,24549,40446
"737",1493,18091,"LaPorte County","IN",18,27264,112417
"738",1494,17099,"LaSalle County","IL",17.8,30277,109658
"739",1497,42069,"Lackawanna County","PA",28.3,29899,215896
"740",1498,29105,"Laclede County","MO",14.6,23051,36039
"741",1501,29107,"Lafayette County","MO",20.3,29565,32984
"742",1502,28071,"Lafayette County","MS",45.6,27765,55813
"743",1504,22055,"Lafayette Parish","LA",33,31892,241753
"744",1505,22057,"Lafourche Parish","LA",16.9,28683,97557
"745",1506,6033,"Lake County","CA",15.5,27362,68163
"746",1508,12069,"Lake County","FL",24,28348,383956
"747",1509,17097,"Lake County","IL",45.3,45766,714342
"748",1510,18089,"Lake County","IN",22.6,28923,498700
"749",1513,30047,"Lake County","MT",29.6,25388,31134
"750",1514,39085,"Lake County","OH",27.4,34409,232603
"751",1521,28073,"Lamar County","MS",34.1,30062,64222
"752",1522,48277,"Lamar County","TX",18.7,25038,50088
"753",1524,50015,"Lamoille County","VT",38.2,36747,25945
"754",1526,31109,"Lancaster County","NE",39.5,32378,322608
"755",1527,42071,"Lancaster County","PA",27.3,32194,552984
"756",1528,45057,"Lancaster County","SC",26.9,30742,96016
"757",1532,41039,"Lane County","OR",30.5,29705,382971
"758",1535,26087,"Lapeer County","MI",18.3,30344,88619
"759",1536,56021,"Laramie County","WY",28.5,35190,100512
"760",1537,8069,"Larimer County","CO",47.3,37363,359066
"761",1540,6035,"Lassen County","CA",12.9,22134,32730
"762",1541,16057,"Latah County","ID",45.4,27011,39517
"763",1543,1077,"Lauderdale County","AL",23.5,28033,93564
"764",1544,28075,"Lauderdale County","MS",19.7,24698,72984
"765",1546,21125,"Laurel County","KY",14.4,22398,62613
"766",1547,13175,"Laurens County","GA",16.2,21665,49570
"767",1548,45059,"Laurens County","SC",16.2,23004,67539
"768",1550,1079,"Lawrence County","AL",12.6,23450,33073
"769",1553,18093,"Lawrence County","IN",15.8,26603,45011
"770",1555,29109,"Lawrence County","MO",16,22957,38001
"771",1557,39087,"Lawrence County","OH",14.9,24562,58240
"772",1558,42073,"Lawrence County","PA",22.1,28926,86070
"773",1559,46081,"Lawrence County","SD",35,31712,25768
"774",1560,47099,"Lawrence County","TN",14.3,21720,44159
"775",1561,40079,"Le Flore County","OK",14.6,20902,48129
"776",1562,27079,"Le Sueur County","MN",23,33311,28674
"777",1563,35025,"Lea County","NM",13.6,25585,74455
"778",1565,20103,"Leavenworth County","KS",31.5,32444,81881
"779",1566,42075,"Lebanon County","PA",20.7,29130,143257
"780",1567,1081,"Lee County","AL",35.3,27860,174241
"781",1569,12071,"Lee County","FL",28.2,33543,760822
"782",1570,13177,"Lee County","GA",25.4,29348,33163
"783",1571,19111,"Lee County","IA",16.4,26710,33555
"784",1572,17103,"Lee County","IL",18.2,29984,34145
"785",1574,28081,"Lee County","MS",24.4,26369,83343
"786",1575,37105,"Lee County","NC",21.5,24842,63285
"787",1580,28083,"Leflore County","MS",18.5,18419,28339
"788",1581,42077,"Lehigh County","PA",29.9,33566,374557
"789",1583,26091,"Lenawee County","MI",21,27850,99423
"790",1584,37107,"Lenoir County","NC",14.9,23865,55122
"791",1585,12073,"Leon County","FL",46.2,30586,292198
"792",1589,12075,"Levy County","FL",12.2,21579,42915
"793",1593,36049,"Lewis County","NY",18.4,26708,26582
"794",1595,53041,"Lewis County","WA",17.7,27127,82149
"795",1597,30049,"Lewis and Clark County","MT",40.1,34504,70973
"796",1598,45063,"Lexington County","SC",30.4,31671,293991
"797",1600,13179,"Liberty County","GA",18.3,22811,65256
"798",1602,48291,"Liberty County","TX",9.7,23461,91628
"799",1603,39089,"Licking County","OH",26.1,31617,178519
"800",1604,1083,"Limestone County","AL",25.7,28411,103570
"801",1612,23015,"Lincoln County","ME",33.5,33595,35237
"802",1614,29113,"Lincoln County","MO",16.8,26848,59574
"803",1615,28085,"Lincoln County","MS",16.2,23541,34907
"804",1617,37109,"Lincoln County","NC",23,31771,86810
"805",1618,31111,"Lincoln County","NE",23.2,31567,34676
"806",1621,40081,"Lincoln County","OK",15.5,25255,33458
"807",1622,41041,"Lincoln County","OR",24.9,27861,50395
"808",1623,46083,"Lincoln County","SD",37.6,40059,65161
"809",1624,47103,"Lincoln County","TN",18.4,26965,35319
"810",1626,55069,"Lincoln County","WI",18.4,30972,28415
"811",1629,22061,"Lincoln Parish","LA",35.6,22863,48396
"812",1630,19113,"Linn County","IA",33.1,34545,230299
"813",1633,41043,"Linn County","OR",19.3,27345,128610
"814",1637,17105,"Livingston County","IL",14.8,27925,35815
"815",1639,26093,"Livingston County","MI",35.4,40351,193866
"816",1641,36051,"Livingston County","NY",26.5,28701,61834
"817",1642,22063,"Livingston Parish","LA",19.7,29354,142282
"818",1646,17107,"Logan County","IL",19.9,27546,27987
"819",1648,21141,"Logan County","KY",16.4,24221,27432
"820",1651,39091,"Logan County","OH",16.5,29424,46150
"821",1652,40083,"Logan County","OK",27.7,31105,49555
"822",1653,54045,"Logan County","WV",10,21936,32567
"823",1655,5085,"Lonoke County","AR",20.6,27293,74015
"824",1656,39093,"Lorain County","OH",24.9,30928,312964
"825",1657,6037,"Los Angeles County","CA",32.5,34156,10014009
"826",1658,47105,"Loudon County","TN",26.4,31478,54886
"827",1659,51107,"Loudoun County","VA",61.3,55744,420959
"828",1661,51109,"Louisa County","VA",24.1,34041,37596
"829",1666,13185,"Lowndes County","GA",25.3,23348,118251
"830",1667,28087,"Lowndes County","MS",23.4,26438,58879
"831",1668,48303,"Lubbock County","TX",30.1,27922,310639
"832",1670,39095,"Lucas County","OH",26.3,29226,431279
"833",1672,13187,"Lumpkin County","GA",26.4,27155,33488
"834",1675,42079,"Luzerne County","PA",22.9,28972,325594
"835",1676,42081,"Lycoming County","PA",23.4,27950,114188
"836",1680,20111,"Lyon County","KS",27.5,26904,32179
"837",1683,32019,"Lyon County","NV",14.4,27855,59235
"838",1685,26099,"Macomb County","MI",24.9,32238,881217
"839",1688,17115,"Macon County","IL",22.1,29644,103998
"840",1690,37113,"Macon County","NC",23.8,28936,37014
"841",1692,17117,"Macoupin County","IL",18.4,28809,44967
"842",1693,6039,"Madera County","CA",14.6,22853,156255
"843",1694,1089,"Madison County","AL",42.8,36620,388153
"844",1697,13195,"Madison County","GA",18.5,24511,30120
"845",1699,16065,"Madison County","ID",36.4,16585,52913
"846",1700,17119,"Madison County","IL",26.8,32427,265859
"847",1701,18095,"Madison County","IN",18.4,25557,130129
"848",1702,21151,"Madison County","KY",30.8,25837,92701
"849",1704,28089,"Madison County","MS",48.4,38901,109145
"850",1707,31119,"Madison County","NE",23,28179,35585
"851",1708,36053,"Madison County","NY",26.2,30469,68016
"852",1709,39097,"Madison County","OH",17.5,29164,43824
"853",1710,47113,"Madison County","TN",25.6,26722,98823
"854",1717,39099,"Mahoning County","OH",24.2,28378,228614
"855",1719,41045,"Malheur County","OR",13.7,18974,31571
"856",1720,12081,"Manatee County","FL",29.8,33853,399710
"857",1722,55071,"Manitowoc County","WI",20.2,30130,81359
"858",1723,55073,"Marathon County","WI",25.4,33189,138013
"859",1725,4013,"Maricopa County","AZ",32.7,33279,4420568
"860",1727,6041,"Marin County","CA",59.5,72466,262321
"861",1728,55075,"Marinette County","WI",15.9,28282,41872
"862",1729,1093,"Marion County","AL",12.8,21311,29341
"863",1731,12083,"Marion County","FL",20.1,25839,375908
"864",1733,19125,"Marion County","IA",28.8,30644,33414
"865",1734,17121,"Marion County","IL",15.2,25563,37729
"866",1735,18097,"Marion County","IN",30.9,28566,977203
"867",1738,29127,"Marion County","MO",22.4,25069,28525
"868",1740,39101,"Marion County","OH",12.5,24484,65359
"869",1741,41047,"Marion County","OR",23.5,27338,345920
"870",1742,45067,"Marion County","SC",13.5,20160,29183
"871",1743,47115,"Marion County","TN",12.8,25467,28837
"872",1745,54049,"Marion County","WV",22.6,26380,56205
"873",1747,45069,"Marlboro County","SC",8.9,17456,26667
"874",1748,26103,"Marquette County","MI",32.9,27979,66017
"875",1750,1095,"Marshall County","AL",19.4,24453,97612
"876",1751,19127,"Marshall County","IA",18.8,27196,40105
"877",1753,18099,"Marshall County","IN",19.7,25761,46095
"878",1755,21157,"Marshall County","KY",19.2,29792,31659
"879",1757,28093,"Marshall County","MS",13.8,21853,33752
"880",1760,47117,"Marshall County","TN",14.7,25410,34318
"881",1761,54051,"Marshall County","WV",18,26472,30591
"882",1762,12085,"Martin County","FL",34.1,42199,158431
"883",1770,26105,"Mason County","MI",23.1,29549,29052
"884",1772,53045,"Mason County","WA",17.6,28862,65726
"885",1775,48321,"Matagorda County","TX",17.4,25172,36255
"886",1777,47119,"Maury County","TN",23,28970,100974
"887",1778,48323,"Maverick County","TX",12.7,16779,57887
"888",1779,40097,"Mayes County","OK",14.3,24472,39046
"889",1780,40087,"McClain County","OK",25,32259,41662
"890",1784,21145,"McCracken County","KY",24.2,32357,67875
"891",1787,40089,"McCurtain County","OK",13.4,20671,30814
"892",1789,17109,"McDonough County","IL",32.2,24094,27238
"893",1790,37111,"McDowell County","NC",17.4,24281,44578
"894",1793,17111,"McHenry County","IL",34.4,39006,310229
"895",1798,42083,"McKean County","PA",18.9,27023,40432
"896",1800,35031,"McKinley County","NM",11.4,15931,72902
"897",1801,17113,"McLean County","IL",44.8,34532,170954
"898",1804,48309,"McLennan County","TX",24.2,25703,260579
"899",1805,27085,"McLeod County","MN",17.6,32465,36771
"900",1806,47107,"McMinn County","TN",16.2,23885,53276
"901",1808,47109,"McNairy County","TN",12.6,20934,25866
"902",1809,20113,"McPherson County","KS",28,31006,30223
"903",1813,21163,"Meade County","KY",19.4,27861,30003
"904",1814,46093,"Meade County","SD",27.2,28809,29852
"905",1816,37119,"Mecklenburg County","NC",45.4,38819,1115482
"906",1817,51117,"Mecklenburg County","VA",20.2,25056,30319
"907",1818,26107,"Mecosta County","MI",22.7,23431,39714
"908",1819,39103,"Medina County","OH",33.9,37788,182470
"909",1820,48325,"Medina County","TX",19.8,27475,50748
"910",1827,6045,"Mendocino County","CA",24.4,29035,91601
"911",1831,6047,"Merced County","CA",13.8,23011,281202
"912",1836,34021,"Mercer County","NJ",42.6,43086,387340
"913",1837,39107,"Mercer County","OH",18.3,29765,42528
"914",1838,42085,"Mercer County","PA",22.8,27639,110652
"915",1839,54055,"Mercer County","WV",19.4,22212,59664
"916",1842,33013,"Merrimack County","NH",35.6,37367,153808
"917",1843,8077,"Mesa County","CO",28.2,29596,155703
"918",1845,18103,"Miami County","IN",13,24028,35962
"919",1846,20121,"Miami County","KS",29.8,35659,34191
"920",1847,39109,"Miami County","OH",23.3,31254,108774
"921",1848,12086,"Miami-Dade County","FL",29.8,28224,2701767
"922",1849,34023,"Middlesex County","NJ",43.6,39599,863162
"923",1851,26111,"Midland County","MI",35.2,36142,83494
"924",1852,48329,"Midland County","TX",27.4,39248,169983
"925",1853,42087,"Mifflin County","PA",11.9,25469,46143
"926",1856,27095,"Mille Lacs County","MN",14.7,27758,26459
"927",1857,5091,"Miller County","AR",16.8,23729,42600
"928",1862,55079,"Milwaukee County","WI",31,29270,939489
"929",1867,54057,"Mineral County","WV",15.5,25490,26938
"930",1870,46099,"Minnehaha County","SD",33.1,31716,197214
"931",1872,5093,"Mississippi County","AR",13.8,22750,40685
"932",1874,30063,"Missoula County","MT",43,31897,117922
"933",1880,1097,"Mobile County","AL",23.2,25861,414809
"934",1883,4015,"Mohave County","AZ",12.9,26166,213267
"935",1885,34025,"Monmouth County","NJ",46,51700,643615
"936",1888,54061,"Monongalia County","WV",42.8,32154,105822
"937",1891,12087,"Monroe County","FL",34.4,46028,82874
"938",1892,13207,"Monroe County","GA",26.8,33290,27957
"939",1894,17133,"Monroe County","IL",35,42152,34962
"940",1895,18105,"Monroe County","IN",45.7,28514,139718
"941",1897,26115,"Monroe County","MI",20.5,31481,154809
"942",1899,28095,"Monroe County","MS",16.7,23844,34180
"943",1900,36055,"Monroe County","NY",38.6,33840,759443
"944",1902,42089,"Monroe County","PA",24.7,29662,168327
"945",1903,47123,"Monroe County","TN",13.4,23207,46250
"946",1904,55081,"Monroe County","WI",20.6,29242,46274
"947",1907,26117,"Montcalm County","MI",13.3,24200,66614
"948",1908,6053,"Monterey County","CA",24.7,30073,439035
"949",1909,8083,"Montezuma County","CO",29.6,26072,25849
"950",1910,1101,"Montgomery County","AL",33.4,29071,228954
"951",1914,17135,"Montgomery County","IL",16.7,26609,28288
"952",1915,18107,"Montgomery County","IN",18.2,27162,37936
"953",1916,20125,"Montgomery County","KS",19.5,24647,31486
"954",1917,21173,"Montgomery County","KY",15.7,22381,28114
"955",1918,24031,"Montgomery County","MD",58.9,54510,1062061
"956",1921,37123,"Montgomery County","NC",15.7,24636,25751
"957",1922,36057,"Montgomery County","NY",17.8,26521,49532
"958",1923,39113,"Montgomery County","OH",27.9,30034,537309
"959",1924,42091,"Montgomery County","PA",49.3,48845,856553
"960",1925,47125,"Montgomery County","TN",28.5,26923,220069
"961",1926,48339,"Montgomery County","TX",34.5,41211,620443
"962",1927,51121,"Montgomery County","VA",45.5,30054,99721
"963",1930,8085,"Montrose County","CO",25.2,28078,42679
"964",1932,37125,"Moore County","NC",37.4,34606,99727
"965",1936,22067,"Morehouse Parish","LA",13,18494,25629
"966",1937,1103,"Morgan County","AL",22.4,27367,123421
"967",1938,8087,"Morgan County","CO",17.5,25064,29111
"968",1940,17137,"Morgan County","IL",19.3,26755,32915
"969",1941,18109,"Morgan County","IN",17.3,30721,71780
"970",1950,34027,"Morris County","NJ",54.1,58109,509285
"971",1952,27097,"Morrison County","MN",17.3,29680,34010
"972",1953,39117,"Morrow County","OH",13.8,28257,34950
"973",1956,38059,"Morton County","ND",26.9,39384,33291
"974",1960,27099,"Mower County","MN",22.2,29720,40029
"975",1961,21177,"Muhlenberg County","KY",12.6,22612,30928
"976",1962,41051,"Multnomah County","OR",45.9,39245,815428
"977",1963,13213,"Murray County","GA",10.1,21989,39973
"978",1966,19139,"Muscatine County","IA",21.5,29511,43235
"979",1967,13215,"Muscogee County","GA",25.8,26097,206922
"980",1968,26121,"Muskegon County","MI",19.7,25435,175824
"981",1969,39119,"Muskingum County","OH",16.1,25148,86410
"982",1970,40101,"Muskogee County","OK",20.4,23826,66339
"983",1972,48347,"Nacogdoches County","TX",24.5,23617,64653
"984",1974,6055,"Napa County","CA",35.7,45195,138019
"985",1975,37127,"Nash County","NC",20.8,27406,94970
"986",1976,12089,"Nassau County","FL",29.6,36553,90352
"987",1977,36059,"Nassau County","NY",46,51422,1395774
"988",1978,22069,"Natchitoches Parish","LA",19,19198,37515
"989",1979,56025,"Natrona County","WY",22.8,33797,79955
"990",1980,4017,"Navajo County","AZ",15.3,18935,106717
"991",1981,48349,"Navarro County","TX",15.9,23786,52624
"992",1982,21179,"Nelson County","KY",18,32735,46738
"993",1988,28099,"Neshoba County","MS",11.6,19540,29087
"994",1991,6057,"Nevada County","CA",37.2,39233,102241
"995",1992,10003,"New Castle County","DE",36.2,37532,570719
"996",1993,37129,"New Hanover County","NC",40.6,34288,225702
"997",1996,36061,"New York County","NY",61.3,76592,1694251
"998",1997,26123,"Newaygo County","MI",16.6,25451,49978
"999",1998,45071,"Newberry County","SC",17.9,24959,37719
"1000",2000,13217,"Newton County","GA",19.8,25247,112483
"1001",2002,29145,"Newton County","MO",20,28353,58648
"1002",2005,16069,"Nez Perce County","ID",22.9,29544,42090
"1003",2006,36063,"Niagara County","NY",24.6,30971,212666
"1004",2009,27103,"Nicollet County","MN",33.8,33031,34454
"1005",2011,18113,"Noble County","IN",13.7,26832,47457
"1006",2017,25021,"Norfolk County","MA",53.6,53889,725981
"1007",2020,42095,"Northampton County","PA",30.3,35270,312951
"1008",2022,42097,"Northumberland County","PA",16.6,26389,91647
"1009",2029,48355,"Nueces County","TX",21.8,27740,353178
"1010",2030,32023,"Nye County","NV",10.7,25558,51591
"1011",2032,26125,"Oakland County","MI",47.2,44629,1274395
"1012",2033,47131,"Obion County","TN",15.3,23375,30787
"1013",2034,34029,"Ocean County","NJ",30,36100,637229
"1014",2035,26127,"Oceana County","MI",19.5,24345,26659
"1015",2037,13219,"Oconee County","GA",52.3,44336,41799
"1016",2038,45073,"Oconee County","SC",25.8,29844,78607
"1017",2039,55083,"Oconto County","WI",16.8,30927,38965
"1018",2041,17141,"Ogle County","IL",21.4,31397,51788
"1019",2045,54069,"Ohio County","WV",32,32429,42425
"1020",2046,12091,"Okaloosa County","FL",31.1,33019,211668
"1021",2047,53047,"Okanogan County","WA",20,24876,42104
"1022",2048,12093,"Okeechobee County","FL",11.3,21367,39644
"1023",2050,40109,"Oklahoma County","OK",32,31609,796292
"1024",2051,40111,"Okmulgee County","OK",14.1,23431,36706
"1025",2052,28105,"Oktibbeha County","MS",42.6,22512,51788
"1026",2053,21185,"Oldham County","KY",42.4,42272,67607
"1027",2056,27109,"Olmsted County","MN",44.9,41066,162847
"1028",2058,36065,"Oneida County","NY",25.7,29687,232125
"1029",2059,55085,"Oneida County","WI",27.2,34910,37845
"1030",2060,36067,"Onondaga County","NY",35.9,34002,476516
"1031",2061,37133,"Onslow County","NC",22.9,24413,204576
"1032",2062,36069,"Ontario County","NY",36.3,36835,112458
"1033",2064,6059,"Orange County","CA",40.6,41514,3186989
"1034",2065,12095,"Orange County","FL",34.6,30456,1429908
"1035",2067,37135,"Orange County","NC",59.7,42231,148696
"1036",2068,36071,"Orange County","NY",30.3,34959,401310
"1037",2069,48361,"Orange County","TX",15.5,30114,84808
"1038",2070,51137,"Orange County","VA",25.1,32292,36254
"1039",2071,50017,"Orange County","VT",29.1,31697,29277
"1040",2072,45075,"Orangeburg County","SC",19.9,20716,84223
"1041",2074,36073,"Orleans County","NY",16.2,26298,40343
"1042",2075,50019,"Orleans County","VT",21.5,27023,27393
"1043",2078,40113,"Osage County","OK",18,25473,45818
"1044",2080,12097,"Osceola County","FL",21.8,22196,388656
"1045",2084,36075,"Oswego County","NY",19,28587,117525
"1046",2086,35035,"Otero County","NM",17.5,23170,67839
"1047",2089,36077,"Otsego County","NY",31.1,28849,58524
"1048",2091,26139,"Ottawa County","MI",34.1,31872,296200
"1049",2092,39123,"Ottawa County","OH",23.1,34560,40364
"1050",2093,40115,"Ottawa County","OK",14.5,20814,30285
"1051",2094,27111,"Otter Tail County","MN",24.9,32059,60081
"1052",2096,22073,"Ouachita Parish","LA",24.2,24361,160368
"1053",2098,55087,"Outagamie County","WI",29.7,33221,190705
"1054",2104,23017,"Oxford County","ME",19.2,25464,57777
"1055",2106,55089,"Ozaukee County","WI",49,49030,91503
"1056",2110,12099,"Palm Beach County","FL",36.7,39933,1492191
"1057",2112,48363,"Palo Pinto County","TX",16.6,25150,28409
"1058",2114,28107,"Panola County","MS",14.9,19892,33208
"1059",2118,56029,"Park County","WY",34,35147,29624
"1060",2120,48367,"Parker County","TX",26.4,35142,148222
"1061",2122,12101,"Pasco County","FL",24,29001,561891
"1062",2123,37139,"Pasquotank County","NC",22.1,24664,40568
"1063",2124,34031,"Passaic County","NJ",28.2,32064,524118
"1064",2126,13223,"Paulding County","GA",22.6,27979,168661
"1065",2132,40119,"Payne County","OK",37.4,24057,81646
"1066",2133,13225,"Peach County","GA",20.5,24486,27981
"1067",2134,28109,"Pearl River County","MS",16.7,23920,56145
"1068",2139,37141,"Pender County","NC",27.9,29266,60203
"1069",2143,46103,"Pennington County","SD",31.5,31874,109222
"1070",2144,23019,"Penobscot County","ME",27.7,28523,152199
"1071",2145,17143,"Peoria County","IL",30.6,32041,181830
"1072",2154,21193,"Perry County","KY",14.4,23135,28473
"1073",2157,39127,"Perry County","OH",12.2,23484,35408
"1074",2158,42099,"Perry County","PA",16.7,30785,45842
"1075",2161,37145,"Person County","NC",15.6,27329,39097
"1076",2163,29159,"Pettis County","MO",18,23576,42980
"1077",2164,29161,"Phelps County","MO",29.1,25202,44638
"1078",2171,39129,"Pickaway County","OH",18.4,27760,58539
"1079",2173,13227,"Pickens County","GA",23.1,31965,33216
"1080",2174,45077,"Pickens County","SC",26,26061,131404
"1081",2179,53053,"Pierce County","WA",27.2,34618,921130
"1082",2180,55093,"Pierce County","WI",29.2,33061,42212
"1083",2181,1109,"Pike County","AL",23.7,22453,33009
"1084",2186,21195,"Pike County","KY",13,22437,58669
"1085",2188,28113,"Pike County","MS",16.6,17621,40324
"1086",2189,39131,"Pike County","OH",12.6,24318,27088
"1087",2190,42103,"Pike County","PA",26.8,34589,58535
"1088",2191,4019,"Pima County","AZ",32.4,29707,1043433
"1089",2192,4021,"Pinal County","AZ",19.5,24959,425264
"1090",2193,27115,"Pine County","MN",14.9,26407,28876
"1091",2194,12103,"Pinellas County","FL",31.7,35196,959107
"1092",2198,37147,"Pitt County","NC",32.7,27155,170243
"1093",2199,40121,"Pittsburg County","OK",16.1,25524,43773
"1094",2200,51143,"Pittsylvania County","VA",14.5,26032,60501
"1095",2202,6061,"Placer County","CA",39.7,43759,404739
"1096",2204,29165,"Platte County","MO",43.1,40567,106718
"1097",2205,31141,"Platte County","NE",21.8,30331,34296
"1098",2209,19149,"Plymouth County","IA",23.2,33982,25698
"1099",2210,25023,"Plymouth County","MA",37.6,43412,530819
"1100",2216,12105,"Polk County","FL",20.2,24864,725046
"1101",2217,13233,"Polk County","GA",13.7,23857,42853
"1102",2218,19153,"Polk County","IA",36.7,35433,492401
"1103",2219,27119,"Polk County","MN",25.3,30078,31192
"1104",2220,29167,"Polk County","MO",19.9,22773,31519
"1105",2223,41053,"Polk County","OR",31,29440,87433
"1106",2225,48373,"Polk County","TX",13.1,25164,50123
"1107",2226,55095,"Polk County","WI",20.9,30859,44977
"1108",2228,28115,"Pontotoc County","MS",18.1,21191,31184
"1109",2229,40123,"Pontotoc County","OK",28.2,26187,38065
"1110",2230,5115,"Pope County","AR",22.8,23391,63381
"1111",2233,39133,"Portage County","OH",29,30054,161791
"1112",2234,55097,"Portage County","WI",32.9,31453,70377
"1113",2235,18127,"Porter County","IN",28.4,34595,173215
"1114",2238,40125,"Pottawatomie County","OK",18.3,24178,72454
"1115",2239,19155,"Pottawattamie County","IA",21.5,30318,93667
"1116",2242,48375,"Potter County","TX",14.9,22568,118525
"1117",2248,51145,"Powhatan County","VA",29.2,37424,30333
"1118",2252,39135,"Preble County","OH",16.3,28890,40999
"1119",2256,54077,"Preston County","WV",16.9,24890,34216
"1120",2259,51149,"Prince George County","VA",23.6,29420,43010
"1121",2260,24033,"Prince George's County","MD",33.1,37191,967201
"1122",2261,51153,"Prince William County","VA",41.1,40932,482204
"1123",2263,8101,"Pueblo County","CO",21.8,25051,168162
"1124",2264,5119,"Pulaski County","AR",34.3,32692,399125
"1125",2268,21199,"Pulaski County","KY",16.5,24646,65034
"1126",2269,29169,"Pulaski County","MO",28.3,23651,53955
"1127",2270,51155,"Pulaski County","VA",20,28125,33800
"1128",2272,12107,"Putnam County","FL",12.3,20915,73321
"1129",2275,18133,"Putnam County","IN",16.8,26120,36726
"1130",2277,36079,"Putnam County","NY",39.6,47448,97668
"1131",2278,39137,"Putnam County","OH",20.9,31743,34451
"1132",2279,47141,"Putnam County","TN",26.4,24946,79854
"1133",2280,54079,"Putnam County","WV",26.1,31587,57440
"1134",2282,24035,"Queen Anne's County","MD",36.5,44754,49874
"1135",2283,36081,"Queens County","NY",32.2,31930,2405464
"1136",2287,55101,"Racine County","WI",25.2,31572,197727
"1137",2289,54081,"Raleigh County","WV",18.4,25026,74591
"1138",2291,27123,"Ramsey County","MN",42.3,35013,552352
"1139",2293,48381,"Randall County","TX",32.4,34293,140753
"1140",2297,17157,"Randolph County","IL",13.3,26558,30163
"1141",2300,37151,"Randolph County","NC",15.7,24397,144171
"1142",2301,54083,"Randolph County","WV",17.3,24842,27932
"1143",2302,28121,"Rankin County","MS",29,30835,157031
"1144",2304,22079,"Rapides Parish","LA",20.9,25984,130023
"1145",2306,30081,"Ravalli County","MT",27.8,29761,44174
"1146",2318,20155,"Reno County","KS",20.9,27073,61898
"1147",2319,36083,"Rensselaer County","NY",32,35903,161130
"1148",2324,47143,"Rhea County","TN",16.9,22336,32870
"1149",2326,27131,"Rice County","MN",28.3,31221,67097
"1150",2332,39139,"Richland County","OH",18.3,25585,124936
"1151",2333,45079,"Richland County","SC",39.1,30175,416147
"1152",2336,13245,"Richmond County","GA",21.4,22787,206607
"1153",2337,37153,"Richmond County","NC",15.7,21228,42946
"1154",2338,36085,"Richmond County","NY",33.9,36907,495747
"1155",2340,20161,"Riley County","KS",45.6,27272,71959
"1156",2342,35039,"Rio Arriba County","NM",19.3,22911,40363
"1157",2345,18137,"Ripley County","IN",18,28312,28995
"1158",2348,6065,"Riverside County","CA",22.3,28596,2418185
"1159",2349,47145,"Roane County","TN",19.8,30209,53404
"1160",2351,51161,"Roanoke County","VA",35.6,36469,96929
"1161",2355,47147,"Robertson County","TN",19.6,29524,72803
"1162",2357,37155,"Robeson County","NC",13.7,18709,116530
"1163",2360,55105,"Rock County","WI",22.1,28945,163687
"1164",2361,17161,"Rock Island County","IL",23.5,29756,144672
"1165",2364,13247,"Rockdale County","GA",26.3,28320,93570
"1166",2365,37157,"Rockingham County","NC",15.1,24209,91096
"1167",2366,33015,"Rockingham County","NH",41.4,47222,314176
"1168",2367,51165,"Rockingham County","VA",26.3,31275,83757
"1169",2368,36087,"Rockland County","NY",41.1,39286,338329
"1170",2369,48397,"Rockwall County","TX",40.7,42346,107819
"1171",2371,40131,"Rogers County","OK",24.9,32148,95240
"1172",2379,39141,"Ross County","OH",15.8,24913,77093
"1173",2382,37159,"Rowan County","NC",18.5,25630,146875
"1174",2386,48401,"Rusk County","TX",15.5,26658,52214
"1175",2388,1113,"Russell County","AL",17.8,23470,59183
"1176",2391,51167,"Russell County","VA",12.2,21605,25781
"1177",2392,37161,"Rutherford County","NC",17.8,23978,64444
"1178",2393,47149,"Rutherford County","TN",32.2,30159,341486
"1179",2394,50021,"Rutland County","VT",30.8,31391,60572
"1180",2398,6067,"Sacramento County","CA",30.9,32751,1585055
"1181",2399,23023,"Sagadahoc County","ME",36.4,34675,36699
"1182",2400,26145,"Saginaw County","MI",20.8,28030,190124
"1183",2402,34033,"Salem County","NJ",21,34047,64837
"1184",2403,5125,"Saline County","AR",26.7,30553,123416
"1185",2405,20169,"Saline County","KS",27.3,28813,54303
"1186",2408,49035,"Salt Lake County","UT",35.6,33238,1185238
"1187",2410,37163,"Sampson County","NC",13.7,22875,59036
"1188",2412,6069,"San Benito County","CA",19.7,33174,64209
"1189",2413,6071,"San Bernardino County","CA",21,25215,2181654
"1190",2414,6073,"San Diego County","CA",38.8,38073,3298634
"1191",2415,48407,"San Jacinto County","TX",11.2,23312,27402
"1192",2416,6077,"San Joaquin County","CA",18.8,27521,779233
"1193",2418,35045,"San Juan County","NM",14.9,23235,121661
"1194",2421,6079,"San Luis Obispo County","CA",35.4,37233,282424
"1195",2422,6081,"San Mateo County","CA",51,61545,764442
"1196",2424,35047,"San Miguel County","NM",21.4,20762,27201
"1197",2425,48409,"San Patricio County","TX",15.6,26054,68755
"1198",2429,35043,"Sandoval County","NM",30.5,29255,148834
"1199",2430,39143,"Sandusky County","OH",16.1,27319,58896
"1200",2431,17167,"Sangamon County","IL",34.5,35509,196343
"1201",2432,26151,"Sanilac County","MI",14.2,25871,40611
"1202",2433,49039,"Sanpete County","UT",20.9,20056,28437
"1203",2434,6083,"Santa Barbara County","CA",34.2,36039,448229
"1204",2435,6085,"Santa Clara County","CA",52.4,56248,1936259
"1205",2436,4023,"Santa Cruz County","AZ",20.4,21480,47669
"1206",2437,6087,"Santa Cruz County","CA",40.8,41312,270861
"1207",2438,35049,"Santa Fe County","NM",41,38520,154823
"1208",2439,12113,"Santa Rosa County","FL",27.7,31691,188000
"1209",2440,12115,"Sarasota County","FL",35.4,41081,434006
"1210",2441,36091,"Saratoga County","NY",41.4,43065,235509
"1211",2443,31153,"Sarpy County","NE",39.8,36058,190604
"1212",2444,55111,"Sauk County","WI",24.1,30990,65763
"1213",2447,36093,"Schenectady County","NY",32.1,32417,158061
"1214",2450,36095,"Schoharie County","NY",22.4,30397,29714
"1215",2455,42107,"Schuylkill County","PA",16.6,27431,143049
"1216",2456,39145,"Scioto County","OH",15.7,23719,74008
"1217",2458,37165,"Scotland County","NC",15.5,19052,34174
"1218",2460,19163,"Scott County","IA",31.8,33643,174669
"1219",2464,21209,"Scott County","KY",28.4,32796,57155
"1220",2465,27139,"Scott County","MN",39.9,42155,150928
"1221",2466,29201,"Scott County","MO",16.3,24921,38059
"1222",2467,28123,"Scott County","MS",11.4,22203,27990
"1223",2470,31157,"Scotts Bluff County","NE",22.9,27978,36084
"1224",2474,5131,"Sebastian County","AR",21.3,25961,127799
"1225",2476,20173,"Sedgwick County","KS",30.9,29530,523824
"1226",2477,12117,"Seminole County","FL",39.6,35175,470856
"1227",2480,36099,"Seneca County","NY",21.1,28245,33814
"1228",2481,39147,"Seneca County","OH",16.8,27100,55069
"1229",2483,40135,"Sequoyah County","OK",14.4,20384,39281
"1230",2485,47155,"Sevier County","TN",17.4,25283,98380
"1231",2493,6089,"Shasta County","CA",22.2,29720,182155
"1232",2494,55115,"Shawano County","WI",15.7,29338,40881
"1233",2495,20177,"Shawnee County","KS",30.9,30974,178909
"1234",2496,55117,"Sheboygan County","WI",25.1,31510,118034
"1235",2497,1117,"Shelby County","AL",42.9,38549,223024
"1236",2500,18145,"Shelby County","IN",18.7,29583,45055
"1237",2501,21211,"Shelby County","KY",24.9,32468,48065
"1238",2503,39149,"Shelby County","OH",18.7,29381,48230
"1239",2504,47157,"Shelby County","TN",31.6,30104,929744
"1240",2506,51171,"Shenandoah County","VA",20.5,28882,44186
"1241",2507,27141,"Sherburne County","MN",26.6,35439,97183
"1242",2512,56033,"Sheridan County","WY",31,35254,30921
"1243",2517,26155,"Shiawassee County","MI",17,28437,68094
"1244",2522,30093,"Silver Bow County","MT",27.2,27706,35133
"1245",2524,28127,"Simpson County","MS",16.2,23520,25949
"1246",2525,19167,"Sioux County","IA",29.1,29360,35872
"1247",2528,6093,"Siskiyou County","CA",23.2,28615,44076
"1248",2529,53057,"Skagit County","WA",26.2,33168,129523
"1249",2535,48423,"Smith County","TX",26.4,28483,233479
"1250",2536,51173,"Smyth County","VA",14.6,21605,29800
"1251",2537,53061,"Snohomish County","WA",32.8,39527,827957
"1252",2538,42109,"Snyder County","PA",19.8,27482,39736
"1253",2540,6095,"Solano County","CA",26.9,35400,453491
"1254",2542,23025,"Somerset County","ME",16.5,24386,50477
"1255",2543,34035,"Somerset County","NJ",54.7,55828,345361
"1256",2544,42111,"Somerset County","PA",15.9,25781,74129
"1257",2546,6097,"Sonoma County","CA",35.5,42178,488863
"1258",2548,13255,"Spalding County","GA",17.8,24582,67306
"1259",2549,45083,"Spartanburg County","SC",24.5,27240,327997
"1260",2553,53063,"Spokane County","WA",30.8,31146,539339
"1261",2554,51177,"Spotsylvania County","VA",31.7,37212,140032
"1262",2555,22087,"St. Bernard Parish","LA",11.6,20763,43764
"1263",2556,29183,"St. Charles County","MO",38.9,38943,405262
"1264",2557,22089,"St. Charles Parish","LA",25.3,32935,52549
"1265",2558,1115,"St. Clair County","AL",16.1,26409,91103
"1266",2559,17163,"St. Clair County","IL",28,30807,257400
"1267",2560,26147,"St. Clair County","MI",18.6,30703,160383
"1268",2562,55109,"St. Croix County","WI",35.4,39287,93536
"1269",2564,29187,"St. Francois County","MO",14.3,22578,66922
"1270",2567,22095,"St. John the Baptist Parish","LA",15.9,25968,42477
"1271",2568,12109,"St. Johns County","FL",44.7,43194,273425
"1272",2569,18141,"St. Joseph County","IN",29.6,28215,272912
"1273",2570,26149,"St. Joseph County","MI",16.2,26248,60939
"1274",2571,22097,"St. Landry Parish","LA",14.8,21162,82540
"1275",2572,36089,"St. Lawrence County","NY",23.8,25378,108505
"1276",2573,27137,"St. Louis County","MN",29.3,31537,200231
"1277",2574,29189,"St. Louis County","MO",43.6,41426,1004125
"1278",2575,12111,"St. Lucie County","FL",21.6,27121,329226
"1279",2576,22099,"St. Martin Parish","LA",14.5,24997,51767
"1280",2577,22101,"St. Mary Parish","LA",10.2,22839,49406
"1281",2578,24037,"St. Mary's County","MD",31.9,40354,113777
"1282",2579,22103,"St. Tammany Parish","LA",33.8,34658,264570
"1283",2581,51179,"Stafford County","VA",39.9,42126,156927
"1284",2582,6099,"Stanislaus County","CA",17.1,26258,552878
"1285",2584,37167,"Stanly County","NC",17.3,25863,62504
"1286",2588,38089,"Stark County","ND",22.4,38103,33646
"1287",2589,39151,"Stark County","OH",22.8,29495,374853
"1288",2591,48427,"Starr County","TX",9.9,14179,65920
"1289",2593,27145,"Stearns County","MN",27.5,30994,158292
"1290",2594,27147,"Steele County","MN",26,32477,37406
"1291",2596,13257,"Stephens County","GA",21,23546,26784
"1292",2597,40137,"Stephens County","OK",16.9,25769,42848
"1293",2599,17177,"Stephenson County","IL",19.6,27911,44630
"1294",2601,18151,"Steuben County","IN",21.8,29949,34435
"1295",2602,36101,"Steuben County","NY",23.6,29886,93584
"1296",2605,53065,"Stevens County","WA",18.7,26896,46445
"1297",2609,29207,"Stoddard County","MO",13.3,22138,28672
"1298",2610,37169,"Stokes County","NC",14.1,26279,44520
"1299",2612,29209,"Stone County","MO",18.6,29026,31076
"1300",2616,19169,"Story County","IA",51.6,29539,98537
"1301",2617,33017,"Strafford County","NH",35.8,35601,130889
"1302",2620,36103,"Suffolk County","NY",36.3,44465,1525920
"1303",2623,33019,"Sullivan County","NH",28.1,33042,43063
"1304",2624,36105,"Sullivan County","NY",24.8,30446,78624
"1305",2626,47163,"Sullivan County","TN",23.6,28429,158163
"1306",2629,8117,"Summit County","CO",52.4,41281,31055
"1307",2630,39153,"Summit County","OH",32.5,33606,540428
"1308",2631,49043,"Summit County","UT",55,56575,42357
"1309",2633,47165,"Sumner County","TN",28.1,33851,196281
"1310",2635,12119,"Sumter County","FL",31.8,35560,129752
"1311",2636,13261,"Sumter County","GA",18.3,20654,29616
"1312",2637,45085,"Sumter County","SC",19.3,23460,105556
"1313",2638,28133,"Sunflower County","MS",15.4,15646,25971
"1314",2639,37171,"Surry County","NC",18,25500,71359
"1315",2641,42115,"Susquehanna County","PA",18.6,31309,38434
"1316",2642,10005,"Sussex County","DE",28.3,35491,237378
"1317",2643,34037,"Sussex County","NJ",36.1,44728,144221
"1318",2645,6101,"Sutter County","CA",18.2,27371,99633
"1319",2647,12121,"Suwannee County","FL",15.5,22808,43474
"1320",2650,56037,"Sweetwater County","WY",22.5,32603,42272
"1321",2655,24041,"Talbot County","MD",40.6,49136,37526
"1322",2657,1121,"Talladega County","AL",15,23305,82149
"1323",2659,1123,"Tallapoosa County","AL",18.4,25217,41311
"1324",2661,29213,"Taney County","MO",19.9,23776,56066
"1325",2662,22105,"Tangipahoa Parish","LA",20,25163,133157
"1326",2663,35055,"Taos County","NM",28.7,25646,34489
"1327",2664,48439,"Tarrant County","TX",32.3,33292,2110640
"1328",2665,28137,"Tate County","MS",15.8,23340,28064
"1329",2670,21217,"Taylor County","KY",19.6,23602,26023
"1330",2671,48441,"Taylor County","TX",25.2,27162,143208
"1331",2674,17179,"Tazewell County","IL",26.3,33507,131343
"1332",2675,51185,"Tazewell County","VA",14.9,23738,40429
"1333",2676,6103,"Tehama County","CA",15.7,24301,65829
"1334",2680,22109,"Terrebonne Parish","LA",15.6,25924,109580
"1335",2690,13275,"Thomas County","GA",24.7,27454,45798
"1336",2695,53067,"Thurston County","WA",35.7,35169,294793
"1337",2696,13277,"Tift County","GA",18.1,22974,41344
"1338",2697,41057,"Tillamook County","OR",21.8,27659,27390
"1339",2699,36107,"Tioga County","NY",26,31822,48455
"1340",2700,42117,"Tioga County","PA",19.1,26301,41045
"1341",2702,18157,"Tippecanoe County","IN",38.7,27451,186251
"1342",2704,47167,"Tipton County","TN",17.3,28457,60970
"1343",2706,48449,"Titus County","TX",16.3,21730,31247
"1344",2710,48451,"Tom Green County","TX",24.5,29505,120003
"1345",2711,36109,"Tompkins County","NY",53.5,33075,105740
"1346",2712,49045,"Tooele County","UT",24.2,25949,72698
"1347",2714,13279,"Toombs County","GA",16.2,24399,27030
"1348",2719,37175,"Transylvania County","NC",32.6,29549,32986
"1349",2721,48453,"Travis County","TX",50,43658,1290188
"1350",2724,55121,"Trempealeau County","WI",19.3,28902,30760
"1351",2731,13285,"Troup County","GA",19,23124,69426
"1352",2733,39155,"Trumbull County","OH",18.7,26935,201977
"1353",2735,6107,"Tulare County","CA",14.6,21380,473117
"1354",2736,40143,"Tulsa County","OK",31.8,32044,669279
"1355",2738,6109,"Tuolumne County","CA",20.5,34702,55620
"1356",2741,1125,"Tuscaloosa County","AL",30.7,26789,227036
"1357",2742,39157,"Tuscarawas County","OH",17.4,27057,93263
"1358",2743,26157,"Tuscola County","MI",13.5,25996,53323
"1359",2745,16083,"Twin Falls County","ID",20.6,25352,90046
"1360",2750,49047,"Uintah County","UT",15.8,25759,35620
"1361",2751,36111,"Ulster County","NY",32.5,34834,181851
"1362",2752,41059,"Umatilla County","OR",17.2,24444,80075
"1363",2754,5139,"Union County","AR",21.1,25193,39054
"1364",2761,28145,"Union County","MS",13.4,21705,27777
"1365",2762,37179,"Union County","NC",35.4,36362,238267
"1366",2763,34039,"Union County","NJ",36,41603,575345
"1367",2765,39159,"Union County","OH",35.5,37384,62784
"1368",2766,41061,"Union County","OR",24.5,27646,26196
"1369",2767,42119,"Union County","PA",26,27079,42681
"1370",2768,45087,"Union County","SC",11.3,23470,27244
"1371",2772,48459,"Upshur County","TX",17.1,25285,40892
"1372",2774,13293,"Upson County","GA",13.4,21747,27700
"1373",2776,49049,"Utah County","UT",40.8,26215,659399
"1374",2778,48465,"Val Verde County","TX",18.4,21370,47586
"1375",2779,35061,"Valencia County","NM",18.5,23675,76205
"1376",2785,26159,"Van Buren County","MI",21.7,28049,75587
"1377",2787,39161,"Van Wert County","OH",16.6,27115,28931
"1378",2788,48467,"Van Zandt County","TX",15.8,27900,59541
"1379",2789,37181,"Vance County","NC",14.8,23049,42578
"1380",2790,18163,"Vanderburgh County","IN",27,29638,180136
"1381",2791,42121,"Venango County","PA",18.7,26969,50454
"1382",2792,6111,"Ventura County","CA",33.8,38595,843843
"1383",2793,17183,"Vermilion County","IL",14.7,25307,74188
"1384",2794,22113,"Vermilion Parish","LA",14.2,25342,57359
"1385",2797,55123,"Vernon County","WI",22.4,26198,30714
"1386",2798,22115,"Vernon Parish","LA",17.5,24554,48750
"1387",2799,48469,"Victoria County","TX",20,29199,91319
"1388",2800,18167,"Vigo County","IN",25.1,25113,106153
"1389",2803,12127,"Volusia County","FL",23.7,28517,553543
"1390",2805,18169,"Wabash County","IN",18.1,27149,30976
"1391",2809,40145,"Wagoner County","OK",23.2,29415,80981
"1392",2811,37183,"Wake County","NC",52.8,40982,1129410
"1393",2812,12129,"Wakulla County","FL",18.3,25733,33764
"1394",2813,23027,"Waldo County","ME",31.4,29674,39607
"1395",2814,1127,"Walker County","AL",11.3,23882,65342
"1396",2815,13295,"Walker County","GA",16.6,24247,67654
"1397",2816,48471,"Walker County","TX",20.8,18544,76400
"1398",2817,53071,"Walla Walla County","WA",29.8,29035,62584
"1399",2819,48473,"Waller County","TX",21.1,25401,56794
"1400",2823,12131,"Walton County","FL",28.5,34475,75305
"1401",2824,13297,"Walton County","GA",21.7,27889,96673
"1402",2826,55127,"Walworth County","WI",28.8,32302,106478
"1403",2827,19179,"Wapello County","IA",18.8,26424,35437
"1404",2828,38101,"Ward County","ND",29.3,34923,69919
"1405",2830,13299,"Ware County","GA",15.2,20411,36251
"1406",2832,19181,"Warren County","IA",31.9,36496,52403
"1407",2835,21227,"Warren County","KY",32.2,28558,134554
"1408",2836,29219,"Warren County","MO",19.1,28641,35532
"1409",2837,28149,"Warren County","MS",22.4,25661,44722
"1410",2839,34041,"Warren County","NJ",33,39802,109632
"1411",2840,36113,"Warren County","NY",31.3,35271,65737
"1412",2841,39165,"Warren County","OH",43,41792,242337
"1413",2842,42123,"Warren County","PA",19.5,28230,38587
"1414",2843,47177,"Warren County","TN",14.5,22802,40953
"1415",2844,51187,"Warren County","VA",21.7,32086,40727
"1416",2845,18173,"Warrick County","IN",30.3,37466,63898
"1417",2846,49051,"Wasatch County","UT",39.9,35641,34788
"1418",2847,41065,"Wasco County","OR",19.6,27445,26670
"1419",2852,5143,"Washington County","AR",33.3,27790,245871
"1420",2859,18175,"Washington County","IN",13.4,25015,28182
"1421",2862,24043,"Washington County","MD",21.9,30464,154705
"1422",2863,23029,"Washington County","ME",22,25157,31095
"1423",2864,27163,"Washington County","MN",44.3,45822,267568
"1424",2866,28151,"Washington County","MS",17.9,20174,44922
"1425",2869,36115,"Washington County","NY",20.5,28530,61302
"1426",2870,39167,"Washington County","OH",18.8,28782,59771
"1427",2871,40147,"Washington County","OK",28.5,30847,52455
"1428",2872,41067,"Washington County","OR",44.4,39679,600372
"1429",2873,42125,"Washington County","PA",30,35537,209349
"1430",2874,47179,"Washington County","TN",31.8,29656,133001
"1431",2875,48477,"Washington County","TX",26.8,32625,35805
"1432",2876,49053,"Washington County","UT",28.1,29010,180279
"1433",2877,51191,"Washington County","VA",22.8,27524,53935
"1434",2878,50023,"Washington County","VT",41.8,35236,59807
"1435",2879,55131,"Washington County","WI",31.5,39055,136761
"1436",2880,22117,"Washington Parish","LA",11.6,20177,45463
"1437",2882,32031,"Washoe County","NV",30.8,36071,486492
"1438",2883,26161,"Washtenaw County","MI",55.9,41399,372258
"1439",2884,37189,"Watauga County","NC",42.2,26882,54086
"1440",2886,55133,"Waukesha County","WI",44.5,46073,406978
"1441",2887,55135,"Waupaca County","WI",19.9,32000,51812
"1442",2889,13305,"Wayne County","GA",13,21090,30144
"1443",2892,18177,"Wayne County","IN",18.2,26510,66553
"1444",2894,26163,"Wayne County","MI",23.9,27282,1793561
"1445",2897,37191,"Wayne County","NC",19,25277,117333
"1446",2899,36117,"Wayne County","NY",22.6,31043,91283
"1447",2900,39169,"Wayne County","OH",22.2,27884,116894
"1448",2901,42127,"Wayne County","PA",20.4,27412,51155
"1449",2904,54099,"Wayne County","WV",15.1,21553,38982
"1450",2905,47183,"Weakley County","TN",21.6,22755,32902
"1451",2906,48479,"Webb County","TX",18.9,18466,267114
"1452",2907,49057,"Weber County","UT",24.5,27828,262223
"1453",2909,19187,"Webster County","IA",19.9,26498,36999
"1454",2911,29225,"Webster County","MO",16.8,22961,39085
"1455",2915,22119,"Webster Parish","LA",15.4,18962,36967
"1456",2916,8123,"Weld County","CO",27.5,31793,328981
"1457",2917,18179,"Wells County","IN",18.2,28663,28180
"1458",2919,22121,"West Baton Rouge Parish","LA",22,29697,27199
"1459",2922,36119,"Westchester County","NY",48.9,57049,1004457
"1460",2923,42129,"Westmoreland County","PA",29.1,34274,354663
"1461",2927,26165,"Wexford County","MI",18.2,25149,33673
"1462",2928,48481,"Wharton County","TX",18,25298,41570
"1463",2929,53073,"Whatcom County","WA",34.3,32267,226847
"1464",2935,5145,"White County","AR",20.9,23702,76822
"1465",2936,13311,"White County","GA",22.7,27406,28003
"1466",2939,47185,"White County","TN",12.3,22040,27351
"1467",2941,17195,"Whiteside County","IL",18.2,29856,55691
"1468",2942,13313,"Whitfield County","GA",15.7,23974,102864
"1469",2943,18183,"Whitley County","IN",20.7,31843,34191
"1470",2944,21235,"Whitley County","KY",20.4,20547,36712
"1471",2945,53075,"Whitman County","WA",49.8,23560,47973
"1472",2948,48485,"Wichita County","TX",23.1,24872,129350
"1473",2949,24045,"Wicomico County","MD",27.2,28080,103588
"1474",2954,37193,"Wilkes County","NC",15.8,25202,65969
"1475",2958,17197,"Will County","IL",34.3,36524,696355
"1476",2960,38105,"Williams County","ND",23.6,44235,40950
"1477",2961,39171,"Williams County","OH",15.2,27124,37102
"1478",2962,45089,"Williamsburg County","SC",12.3,18257,31026
"1479",2963,17199,"Williamson County","IL",24.3,28375,67153
"1480",2964,47187,"Williamson County","TN",59.8,52702,247726
"1481",2965,48491,"Williamson County","TX",41.3,37242,609017
"1482",2967,37195,"Wilson County","NC",19.6,24790,78784
"1483",2968,47189,"Wilson County","TN",32.4,34575,147737
"1484",2969,48493,"Wilson County","TX",21.8,32312,49753
"1485",2970,50025,"Windham County","VT",38.1,32535,45905
"1486",2971,50027,"Windsor County","VT",38.2,36252,57753
"1487",2975,17201,"Winnebago County","IL",22.9,29278,285350
"1488",2976,55139,"Winnebago County","WI",28.3,32571,171730
"1489",2978,27169,"Winona County","MN",30.1,30013,49671
"1490",2982,48497,"Wise County","TX",18,29418,68632
"1491",2983,51195,"Wise County","VA",15,21500,36130
"1492",2985,39173,"Wood County","OH",33.5,32431,132248
"1493",2986,48499,"Wood County","TX",16.6,29005,44843
"1494",2987,55141,"Wood County","WI",21.6,31425,74207
"1495",2988,54107,"Wood County","WV",21.9,27725,84296
"1496",2989,19193,"Woodbury County","IA",23.1,28688,105941
"1497",2990,17203,"Woodford County","IL",33.2,37170,38467
"1498",2991,21239,"Woodford County","KY",33.8,32264,26871
"1499",2996,24047,"Worcester County","MD",29,38080,52460
"1500",3001,27171,"Wright County","MN",29.6,36260,141337
"1501",3004,20209,"Wyandotte County","KS",18.1,22335,169245
"1502",3005,36121,"Wyoming County","NY",17.7,27947,40531
"1503",3006,42131,"Wyoming County","PA",19.6,29584,26069
"1504",3008,51197,"Wythe County","VA",19,27381,28290
"1505",3009,37197,"Yadkin County","NC",11.6,25218,37214
"1506",3010,53077,"Yakima County","WA",16.7,23459,256728
"1507",3012,41071,"Yamhill County","OR",26.9,31314,107722
"1508",3016,4025,"Yavapai County","AZ",25.9,30341,236209
"1509",3017,28163,"Yazoo County","MS",13.4,19972,26743
"1510",3020,30111,"Yellowstone County","MT",32.1,34451,164731
"1511",3022,6113,"Yolo County","CA",41.4,34515,216403
"1512",3023,23031,"York County","ME",32.5,36093,211972
"1513",3025,42133,"York County","PA",24.9,32623,456438
"1514",3026,45091,"York County","SC",33.3,34010,282090
"1515",3027,51199,"York County","VA",47.1,41201,70045
"1516",3029,6115,"Yuba County","CA",17.1,25583,81575
"1517",3030,4027,"Yuma County","AZ",15,21758,203881
